formula,init
C5H2NOP,1
C7H11NO,1
C4H12N4O,1
C6H7N3O2,1
C5H11N5O,1
C9H4O3,1
C6H6N3OP,1
C6H6N3OP,1
C5H2NO4P,1
C7H8O3S,1
C8H12O4,1
C9H10O4,1
C9H12O4,1
C8H10O5,1
C9H14O4,1
C9H17NO3,1
C8H12O5,1
C9H16O4,1
C10H20O3,1
C6H8O7,1
C10H8O4,1
C10H10O4,1
C11H14O3,1
C8H19O3P,1
C10H13NO3,1
C9H8O5,1
C10H12O4,1
C9H11NO4,1
C9H10O5,1
C10H14O4,1
C9H18N4O,1
C8H9NO5,1
C8H8O4S,1
C9H12O5,1
C10H16O4,1
C8H11NO5,1
C8H10O4S,1
C8H10O6,1
C9H14O5,1
C10H18O4,1
C6H10N3O3P,1
C8H12O6,1
C9H16O5,1
C10H20O4,1
C11H10O4,1
C12H14O3,1
C10H9NO4,1
C10H8O5,1
C8H8N4O3,1
C11H12O4,1
C12H16O3,1
C10H11NO4,1
C11H15NO3,1
C9H6O6,1
C10H10O5,1
C11H14O4,1
C10H14N2O3,1
C12H18O3,1
C9H9NO5,1
C10H13NO4,1
C9H8O6,1
C8H8N2O5,1
C10H12O5,1
C8H12N4O3,1
C11H16O4,1
C8H7NO6,1
C9H11NO5,1
C7H6N2O6,1
C9H10O4S,1
C9H10O6,1
C10H14O5,1
C11H18O4,1
C9H13NO5,1
C5H4N4O4S,1
C8H8O5S,1
C9H12O6,1
C10H16O5,1
C11H20O4,1
C7H11N3OS2,1
C8H10O5S,1
C12H10O4,1
C9H14O6,1
C10H18O5,1
C11H9NO4,1
C11H8O5,1
C12H12O4,1
C9H16O6,1
C13H16O3,1
C11H11NO4,1
C12H15NO3,1
C9H7N2OPS,1
C11H10O5,1
C12H14O4,1
C10H9NO5,1
C10H8O6,1
C5H13N4O4P,1
C11H12O5,1
C12H16O4,1
C10H11NO5,1
C9H6O5S,1
C10H10O4S,1
C10H10O6,1
C9H10N2O5,1
C8H10N4O4,1
C11H14O5,1
C12H18O4,1
C9H9NO6,1
C10H13NO5,1
C10H12O4S,1
C10H12O6,1
C11H16O5,1
C12H20O4,1
C9H11NO6,1
C10H15NO5,1
C12H23NO3,1
C9H10O5S,1
C9H10O7,1
C13H10O4,1
C10H14O6,1
C11H18O5,1
C12H22O4,1
C9H18N3O2P,1
C9H12O5S,1
C9H12O7,1
C13H12O4,1
C10H16O6,1
C11H20O5,1
C12H11NO4,1
C12H10O5,1
C9H14O7,1
C13H14O4,1
C15H22O2,1
C11H8O6,1
C12H12O5,1
C11H12N2O4,1
C9H17O5P,1
C10H12N4O3,1
C13H16O4,1
C11H11NO5,1
C12H15NO4,1
C11H10O6,1
C12H14O5,1
C13H18O4,1
C10H9NO6,1
C11H13NO5,1
C10H8O7,1
C11H12O4S,1
C5H13N4O5P,1
C11H12O6,1
C10H12N2O5,1
C12H16O5,1
C7H21N4O3P,1
C13H20O4,1
C14H11NOS,1
C10H11NO6,1
C11H15NO5,1
C12H7N2O2P,1
C10H10O5S,1
C10H10O7,1
C13H11N2OP,1
C11H14O4S,1
C5H15N4O5P,1
C11H14O6,1
C12H18O3S,1
C12H18O3S,1
C12H18O5,1
C13H22O4,1
C10H13NO6,1
C12H21NO4,1
C13H25NO3,1
C10H12O5S,1
C10H12O7,1
C11H16O6,1
C12H20O5,1
C12H20O5,1
C13H24O4,1
C10H15NO6,1
C8H7O5PS,1
C9H10O8,1
C13H10O5,1
C10H14O5S,1
C10H14O7,1
C14H14O4,1
C11H18O6,1
C12H22O5,1
C12H8O6,1
C12H8O6,1
C13H12O5,1
C10H16O5S,1
C10H16O7,1
C14H16O4,1
C15H20O3,1
C16H24O2,1
C11H7NO6,1
C12H11NO5,1
C13H15NO4,1
C13H15NO4,1
C8H10O9,1
C12H10O6,1
C11H10N2O5,1
C13H14O3S,1
C13H14O5,1
C10H18O5S,1
C10H19O5P,1
C14H18O4,1
C15H22O3,1
C11H9NO6,1
C12H13NO5,1
C14H21NO3,1
C14H21NO3,1
C14H4O3S,1
C11H8O7,1
C12H12O6,1
C11H13N2O3P,1
C9H16O6S,1
C11H12N2O5,1
C7H17N4O4P,1
C13H16O5,1
C10H20O5S,1
C8H21N4O3P,1
C14H20O4,1
C15H24O3,1
C11H11NO6,1
C12H15NO5,1
C14H6OS2,1
C9H6N2O7,1
C13H7N2O2P,1
C11H10O5S,1
C10H10N2O4S,1
C11H10O7,1
C10H10N2O6,1
C12H14O4S,1
C6H15N4O5P,1
C12H14O6,1
C11H14N2O5,1
C11H14N2O5,1
C13H18O3S,1
C7H19N4O4P,1
C13H18O5,1
C8H23N4O3P,1
C14H22O4,1
C11H13NO6,1
C12H17NO5,1
C5H9N2O6PS,1
C11H12O5S,1
C5H13N4O6P,1
C11H12O7,1
C10H12N2O6,1
C12H16O4S,1
C6H17N4O5P,1
C6H17N4O5P,1
C12H16O6,1
C13H20O5,1
C14H24O4,1
C16H32O2,1
C12H7N3O4,1
C10H11NO7,1
C11H15NO6,1
C10H10O6S,1
C10H10O8,1
C14H10O5,1
C11H14O5S,1
C11H15O5P,1
C5H15N4O6P,1
C5H15N4O6P,1
C11H14O7,1
C12H18O6,1
C16H18O3,1
C13H22O5,1
C14H26O4,1
C9H9NO6S,1
C11H17NO6,1
C10H12O6S,1
C10H12O8,1
C14H12O5,1
C11H16O7,1
C15H16O4,1
C12H21O4P,1
C12H20O6,1
C13H24O5,1
C12H7NO4S,1
C14H15NO4,1
C13H10O6,1
C10H14O6S,1
C10H14O8,1
C10H14O8,1
C14H14O5,1
C11H18O5S,1
C13H14N2O4,1
C11H18O7,1
C15H18O4,1
C12H9NO6,1
C13H13NO5,1
C10H22N3OPS,1
C12H9OPS2,1
C12H8O7,1
C13H12O6,1
C10H16O6S,1
C12H12N2O5,1
C10H17O6P,1
C14H16O3S,1
C10H16O8,1
C14H16O5,1
C11H20O5S,1
C11H20O5S,1
C15H20O4,1
C12H24O4S,1
C12H25O4P,1
C16H24O3,1
C12H11NO6,1
C13H15NO5,1
C12H10O7,1
C11H10N2O6,1
C13H14O4S,1
C9H14O9,1
C7H15N4O5P,1
C7H15N4O5P,1
C13H14O6,1
C14H10N4O2,1
C10H18O6S,1
C12H14N2O5,1
C10H18O8,1
C8H19N4O4P,1
C14H18O5,1
C11H22O5S,1
C13H18N2O4,1
C9H23N4O3P,1
C15H22O4,1
C12H26O4S,1
C13H5N3O2S,1
C11H9NO7,1
C12H13NO6,1
C13H17NO5,1
C9H25N5O4,1
C11H8O8,1
C12H12O5S,1
C12H12O7,1
C11H12N2O6,1
C13H16O4S,1
C7H17N4O5P,1
C13H16O6,1
C10H20O6S,1
C12H16N2O5,1
C14H20O3S,1
C14H20O5,1
C15H24O4,1
C11H11NO5S,1
C13H7N3O4,1
C11H11NO7,1
C12H15NO6,1
C13H19NO5,1
C11H10O8,1
C10H10N2O7,1
C12H14O5S,1
C12H14O7,1
C11H14N2O6,1
C16H14O4,1
C13H18O4S,1
C7H19N4O5P,1
C13H18O6,1
C12H18N2O5,1
C14H22O5,1
C15H26O4,1
C11H13NO5S,1
C11H13NO7,1
C12H17NO6,1
C13H21NO5,1
C11H12O6S,1
C11H12O8,1
C10H12N2O7,1
C15H12O5,1
C12H16O5S,1
C12H17O5P,1
C6H17N4O6P,1
C12H16O7,1
C11H16N2O6,1
C16H16O4,1
C13H20O6,1
C14H24O5,1
C15H28O4,1
C16H32O3,1
C10H11NO8,1
C12H19NO6,1
C10H10O7S,1
C12H6N2O6,1
C10H10O9,1
C14H10O6,1
C11H14O6S,1
C11H14O8,1
C15H14O5,1
C12H18O5S,1
C14H14N2O4,1
C12H18O7,1
C16H18O4,1
C13H22O4S,1
C13H22O6,1
C13H9NO6,1
C10H13NO6S,1
C10H14NO6P,1
C14H13NO5,1
C11H17NO7,1
C15H17NO4,1
C13H8O7,1
C10H12O7S,1
C10H12O9,1
C14H12O6,1
C11H16O6S,1
C13H12N2O5,1
C11H16O8,1
C12H12N4O4,1
C15H16O5,1
C12H20O5S,1
C14H16N2O4,1
C12H20O7,1
C16H20O4,1
C13H24O4S,1
C12H8NOPS2,1
C12H7NO3S2,1
C13H11NO6,1
C10H15NO8,1
C14H15NO5,1
C14H15NO5,1
C11H19NO7,1
C12H11N2O2PS,1
C10H14O5S2,1
C13H10O7,1
C12H11N2O4P,1
C10H14O7S,1
C12H10N2O6,1
C10H14O9,1
C14H14O6,1
C11H18O6S,1
C13H14N2O5,1
C11H18O8,1
C9H19N4O4P,1
C15H18O5,1
C12H22O5S,1
C14H18N2O4,1
C12H22O7,1
C16H22O4,1
C7H9N3O5S2,1
C12H9NO7,1
C13H13NO6,1
C12H13N3O5,1
C14H17NO5,1
C12H8O8,1
C13H12O5S,1
C7H13N4O6P,1
C13H12O7,1
C10H16O7S,1
C12H12N2O6,1
C10H16O9,1
C14H16O6,1
C11H20O6S,1
C13H16N2O5,1
C11H20O8,1
C15H20O5,1
C16H24O4,1
C13H28O4S,1
C12H11NO5S,1
C12H11NO7,1
C13H15NO6,1
C14H19NO5,1
C8H11O5PS2,1
C12H10O8,1
C13H14O5S,1
C13H14O7,1
C10H18O7S,1
C12H14N2O6,1
C10H19O7P,1
C14H18O4S,1
C14H18O6,1
C11H22O6S,1
C11H22O6S,1
C13H18N2O5,1
C15H22O3S,1
C15H22O5,1
C16H26O4,1
C12H13NO5S,1
C12H13NO7,1
C13H17NO6,1
C12H17N3O5,1
C14H21NO5,1
C12H12O6S,1
C12H12O8,1
C11H12N2O7,1
C16H12O5,1
C13H16O5S,1
C9H16O10,1
C10H12N4O6,1
C13H16O7,1
C10H20O7S,1
C12H16N2O6,1
C14H20O4S,1
C14H20O6,1
C15H24O3S,1
C15H24O5,1
C16H28O4,1
C18H36O2,1
C11H11NO6S,1
C11H11NO6S,1
C11H11NO8,1
C12H15NO7,1
C9H20NO7P,1
C13H19NO6,1
C11H10O9,1
C15H10O6,1
C12H14O6S,1
C11H14N2O5S,1
C12H14O8,1
C13H18O5S,1
C13H18O7,1
C12H18N2O6,1
C17H18O4,1
C14H22O4S,1
C14H22O4S,1
C14H22O6,1
C15H26O5,1
C16H30O4,1
C11H13NO6S,1
C11H13NO8,1
C15H13NO5,1
C12H17NO7,1
C11H12O7S,1
C11H12O9,1
C15H12O6,1
C12H16O6S,1
C12H16O8,1
C11H16N2O7,1
C16H16O5,1
C13H20O5S,1
C15H16N2O4,1
C13H20O7,1
C17H20O4,1
C14H24O6,1
C15H28O5,1
C14H11NO6,1
C11H15NO6S,1
C11H15NO6S,1
C13H11N3O5,1
C11H15NO8,1
C15H15NO5,1
C12H19NO7,1
C14H10O7,1
C11H14O7S,1
C8H19O7PS,1
C11H14O9,1
C15H14O6,1
C12H18O6S,1
C14H14N2O5,1
C12H18O8,1
C16H18O5,1
C15H19N2O2P,1
C13H22O5S,1
C15H18N2O4,1
C13H22O7,1
C17H22O4,1
C13H10NOPS2,1
C13H9NO7,1
C10H13NO7S,1
C14H13NO6,1
C14H13NO6,1
C11H17NO8,1
C15H17NO5,1
C12H21NO7,1
C13H8O8,1
C18H4N4O,1
C14H12O5S,1
C11H16O5S2,1
C14H12O7,1
C11H16O7S,1
C13H12N2O6,1
C11H16O9,1
C15H16O6,1
C12H20O6S,1
C14H16N2O5,1
C16H20O3S,1
C12H20O8,1
C16H20O5,1
C13H24O5S,1
C15H20N2O4,1
C17H24O4,1
C13H11NO7,1
C10H15NO9,1
C11H11N5O5,1
C14H15NO6,1
C11H19NO8,1
C15H19NO5,1
C14H31NO5,1
C13H10O8,1
C10H14O8S,1
C12H10N2O7,1
C14H14O5S,1
C14H14O7,1
C13H15N2O4P,1
C11H18O7S,1
C13H14N2O6,1
C15H18O4S,1
C11H18O9,1
C15H18O6,1
C12H22O6S,1
C14H18N2O5,1
C16H22O3S,1
C12H22O8,1
C16H22O5,1
C12H27N2O4P,1
C11H27N4O3P,1
C11H27N4O3P,1
C17H26O4,1
C14H30O4S,1
C12H9NO8,1
C13H13NO7,1
C14H17NO6,1
C13H17N3O5,1
C15H21NO5,1
C11H4O6S2,1
C13H12O6S,1
C13H12O8,1
C12H12N2O7,1
C14H16O5S,1
C14H16O7,1
C11H20O7S,1
C13H16N2O6,1
C15H20O4S,1
C15H21O4P,1
C15H20O6,1
C12H24O6S,1
C14H20N2O5,1
C16H24O3S,1
C16H24O5,1
C17H28O4,1
C12H11NO6S,1
C12H11NO8,1
C12H15N3O6,1
C12H10O5S2,1
C12H10O7S,1
C12H10O9,1
C20H10OS,1
C16H10O6,1
C13H14O6S,1
C10H18O6S2,1
C13H14O8,1
C12H14N2O7,1
C10H19O8P,1
C14H18O5S,1
C8H19N4O6P,1
C14H18O7,1
C11H22O7S,1
C13H18N2O6,1
C18H18O4,1
C15H22O4S,1
C9H23N4O5P,1
C15H22O6,1
C12H27O6P,1
C16H26O3S,1
C16H26O5,1
C17H30O4,1
C13H6N3O4P,1
C14H10N3O3P,1
C12H13NO6S,1
C12H13NO8,1
C9H17NO8S,1
C13H17NO7,1
C14H21NO6,1
C12H12O7S,1
C12H12O9,1
C16H12O6,1
C13H16O6S,1
C13H16O8,1
C12H16N2O7,1
C17H16O5,1
C14H20O5S,1
C14H20O7,1
C13H20N2O6,1
C18H20O4,1
C15H25O4P,1
C9H25N4O5P,1
C15H24O6,1
C16H28O5,1
C17H32O4,1
C18H36O3,1
C11H11NO9,1
C12H15NO6S,1
C12H15NO8,1
C16H15NO5,1
C13H19NO7,1
C17H19NO4,1
C11H11O8P,1
C11H10O10,1
C15H10O7,1
C12H14O7S,1
C13H11N4O3P,1
C12H14O9,1
C16H14O6,1
C13H18O6S,1
C15H14N2O5,1
C13H18O8,1
C12H18N2O7,1
C17H18O5,1
C14H22O5S,1
C14H22O7,1
C18H22O4,1
C15H26O6,1
C16H30O5,1
C11H13NO9,1
C15H13NO6,1
C12H18NO6P,1
C12H17NO8,1
C16H17NO5,1
C13H21NO7,1
C14H8O8,1
C11H12O8S,1
C15H12O5S,1
C11H12O10,1
C15H12O7,1
C12H16O7S,1
C14H12N2O6,1
C19H12O4,1
C12H16O9,1
C9H20O9S,1
C16H16O6,1
C13H20O6S,1
C15H16N2O5,1
C13H20O8,1
C17H20O5,1
C14H24O7,1
C18H24O4,1
C14H11NO7,1
C11H15NO9,1
C15H15NO6,1
C12H19NO8,1
C16H19NO5,1
C13H23NO7,1
C14H10O6S,1
C14H10O8,1
C11H14O8S,1
C13H10N2O7,1
C11H14O10,1
C15H14O7,1
C12H18O7S,1
C14H14N2O6,1
C12H18O9,1
C16H18O6,1
C13H22O6S,1
C15H18N2O5,1
C13H22O8,1
C17H22O5,1
C16H22N2O4,1
C18H26O4,1
C13H9NO8,1
C10H13NO8S,1
C14H13NO7,1
C13H13N3O6,1
C11H17NO9,1
C15H17NO6,1
C12H21NO8,1
C16H21NO5,1
C13H25NO7,1
C13H8O9,1
C18H4N4O2,1
C14H12O6S,1
C14H12O8,1
C11H16O8S,1
C13H12N2O7,1
C15H16O5S,1
C11H16O10,1
C15H16O7,1
C12H20O7S,1
C14H16N2O6,1
C16H20O4S,1
C12H20O9,1
C16H20O6,1
C13H24O6S,1
C15H20N2O5,1
C17H24O3S,1
C17H24O5,1
C14H28O5S,1
C18H28O4,1
C15H32O4S,1
C15H33O4P,1
C13H11NO6S,1
C13H11NO8,1
C14H15NO7,1
C13H15N3O6,1
C11H19NO9,1
C15H19NO6,1
C12H23NO8,1
C16H23NO5,1
C12H11N2O4PS,1
C13H10O9,1
C14H14O6S,1
C14H14O8,1
C11H18O8S,1
C11H18O8S,1
C13H14N2O7,1
C15H18O5S,1
C11H18O10,1
C15H19O5P,1
C15H18O7,1
C12H22O7S,1
C12H22O7S,1
C14H18N2O6,1
C16H22O4S,1
C12H22O9,1
C16H22O6,1
C13H26O6S,1
C17H26O3S,1
C17H26O5,1
C14H30O5S,1
C14H31O5P,1
C18H30O4,1
C13H13NO8,1
C12H13N3O7,1
C13H17N3O6,1
C15H21NO6,1
C16H8O7,1
C13H12O7S,1
C13H12O9,1
C10H16O9S,1
C10H16O9S,1
C12H12N2O8,1
C17H12O6,1
C14H16O6S,1
C8H17N4O7P,1
C14H16O8,1
C11H20O8S,1
C11H20O8S,1
C13H16N2O7,1
C15H20O5S,1
C15H21O5P,1
C15H20O7,1
C12H24O7S,1
C14H20N2O6,1
C19H20O4,1
C16H24O4S,1
C16H24O6,1
C15H24N2O5,1
C17H28O3S,1
C17H28O5,1
C18H32O4,1
C12H11NO7S,1
C12H11NO9,1
C15H12N3O3P,1
C13H15NO6S,1
C13H16NO6P,1
C13H15NO8,1
C17H15NO5,1
C15H23NO6,1
C15H7O4PS,1
C12H10O10,1
C12H10O10,1
C16H10O7,1
C13H14O7S,1
C7H14N4O8S,1
C12H14N2O6S,1
C13H14O9,1
C10H19O9P,1
C17H14O6,1
C14H18O6S,1
C11H22O6S2,1
C16H14N2O5,1
C14H18O8,1
C13H18N2O7,1
C18H18O5,1
C15H22O5S,1
C15H22O7,1
C19H22O4,1
C16H26O4S,1
C10H27N4O5P,1
C16H26O6,1
C17H30O5,1
C18H34O4,1
C12H13NO9,1
C13H18NO4PS,1
C16H13NO6,1
C13H17NO6S,1
C13H17NO8,1
C12H17N3O7,1
C17H17NO5,1
C14H21NO5S,1
C14H21NO7,1
C15H8O8,1
C12H12O8S,1
C9H16O8S2,1
C12H12O10,1
C16H12O7,1
C13H16O7S,1
C10H20O7S2,1
C13H16O9,1
C10H20O9S,1
C12H16N2O8,1
C10H21O9P,1
C17H16O6,1
C14H20O6S,1
C14H20O8,1
C18H20O5,1
C15H24O5S,1
C15H24O7,1
C19H24O4,1
C16H28O6,1
C17H32O5,1
C15H11NO7,1
C12H15NO7S,1
C12H16NO7P,1
C12H15NO9,1
C16H15NO6,1
C15H15N3O5,1
C13H19NO8,1
C17H19NO5,1
C14H23NO7,1
C15H10O8,1
C12H14O8S,1
C12H14O10,1
C11H15N2O7P,1
C16H14O7,1
C13H18O7S,1
C15H14N2O6,1
C13H18O9,1
C17H18O6,1
C14H22O6S,1
C14H22O8,1
C18H22O5,1
C15H26O5S,1
C15H26O7,1
C19H26O4,1
C16H34N2O4,1
C11H13NO8S,1
C15H13NO7,1
C12H17NO7S,1
C14H13N3O6,1
C12H17NO9,1
C16H17NO6,1
C15H17N3O5,1
C13H21NO8,1
C17H21NO5,1
C15H12O8,1
C12H16O8S,1
C14H12N2O7,1
C16H16O5S,1
C12H16O10,1
C16H16O7,1
C13H20O7S,1
C15H16N2O6,1
C13H20O9,1
C17H20O6,1
C14H24O6S,1
C16H20N2O5,1
C14H24O8,1
C18H24O5,1
C17H24N2O4,1
C15H29O5P,1
C19H28O4,1
C14H11NO8,1
C11H15NO10,1
C15H15NO7,1
C14H15N3O6,1
C12H19NO9,1
C16H19NO6,1
C13H23NO8,1
C16H35NO5,1
C14H10O9,1
C15H14O6S,1
C15H14O8,1
C12H18O8S,1
C14H14N2O7,1
C12H18O10,1
C16H18O7,1
C13H22O7S,1
C15H18N2O6,1
C17H22O4S,1
C13H22O9,1
C17H22O6,1
C14H26O6S,1
C16H22N2O5,1
C18H26O3S,1
C18H26O5,1
C15H31O5P,1
C15H30O7,1
C19H30O4,1
C16H34O4S,1
C16H10N3OPS,1
C14H13NO8,1
C15H17NO7,1
C14H17N3O6,1
C12H21NO9,1
C13H25NO6S,1
C13H25NO8,1
C18H4N4O3,1
C14H12O9,1
C14H12O9,1
C13H12N2O8,1
C15H16O6S,1
C11H16O11,1
C15H16O8,1
C12H20O8S,1
C14H16N2O7,1
C12H21O8P,1
C16H20O5S,1
C12H20O10,1
C16H20O7,1
C15H21N2O4P,1
C13H24O7S,1
C13H24O7S,1
C15H20N2O6,1
C17H24O4S,1
C17H24O6,1
C14H28O6S,1
C18H28O3S,1
C18H28O5,1
C13H11NO9,1
C14H15NO8,1
C15H19NO7,1
C14H19N3O6,1
C16H23NO6,1
C13H27NO8,1
C18H31NO4,1
C13H10O10,1
C10H15O10P,1
C14H14O7S,1
C14H14O9,1
C11H18O9S,1
C13H14N2O8,1
C18H14O6,1
C15H18O6S,1
C12H14N4O7,1
C15H18O8,1
C12H22O8S,1
C14H18N2O7,1
C12H23O8P,1
C16H22O5S,1
C16H22O7,1
C13H26O7S,1
C13H26O7S,1
C15H22N2O6,1
C15H22N2O6,1
C13H27O7P,1
C17H26O4S,1
C17H26O4S,1
C17H26O6,1
C18H30O3S,1
C12H30N4O4S,1
C18H30O5,1
C19H34O4,1
C13H13NO7S,1
C13H13NO9,1
C17H13NO6,1
C14H17NO8,1
C15H21NO7,1
C14H21N3O6,1
C16H25NO6,1
C13H12O8S,1
C13H12O10,1
C10H17O10P,1
C17H12O7,1
C14H16O7S,1
C14H16O7S,1
C18H17O2PS,1
C14H16O9,1
C11H20O9S,1
C13H16N2O8,1
C11H21O9P,1
C18H16O6,1
C15H20O6S,1
C15H20O8,1
C14H20N2O7,1
C19H20O5,1
C16H24O5S,1
C16H24O7,1
C20H24O4,1
C17H28O4S,1
C11H29N4O5P,1
C11H29N4O5P,1
C17H28O6,1
C18H32O5,1
C19H36O4,1
C16H11NO7,1
C13H15NO7S,1
C13H15NO9,1
C14H19NO8,1
C13H19N3O7,1
C18H19NO5,1
C15H23NO7,1
C16H27NO6,1
C17H32NO3P,1
C16H11O4PS,1
C16H10O8,1
C13H14O8S,1
C10H18O8S2,1
C17H15O3PS,1
C13H14O10,1
C10H18O10S,1
C17H14O7,1
C14H18O7S,1
C11H22O7S2,1
C14H18O9,1
C11H22O9S,1
C13H18N2O8,1
C18H18O6,1
C15H22O6S,1
C15H22O8,1
C12H27O8P,1
C19H22O5,1
C16H26O5S,1
C16H27O5P,1
C17H23N4OP,1
C10H27N4O6P,1
C16H26O7,1
C20H26O4,1
C17H30O6,1
C18H34O5,1
C18H34O5,1
C12H13NO8S,1
C12H13NO10,1
C16H13NO7,1
C13H17NO7S,1
C13H17NO9,1
C17H17NO6,1
C14H21NO6S,1
C14H21NO8,1
C18H21NO5,1
C17H34NO3P,1
C16H13O4PS,1
C12H12O11,1
C16H12O8,1
C13H16O8S,1
C17H17O3PS,1
C13H16O10,1
C10H20O10S,1
C17H16O7,1
C14H20O7S,1
C14H20O9,1
C13H21N2O6P,1
C18H20O6,1
C15H24O6S,1
C17H20N2O5,1
C15H24O8,1
C19H24O5,1
C16H28O7,1
C20H28O4,1
C15H11NO8,1
C12H15NO8S,1
C14H11N3O7,1
C12H15NO10,1
C16H15NO7,1
C13H20NO7P,1
C13H20NO7P,1
C13H19NO9,1
C17H19NO6,1
C14H24NO6P,1
C14H23NO8,1
C15H10O9,1
C12H14O9S,1
C12H14O11,1
C16H14O8,1
C13H18O8S,1
C15H14N2O7,1
C13H18O10,1
C17H18O7,1
C14H22O7S,1
C14H22O9,1
C18H22O6,1
C15H26O6S,1
C17H22N2O5,1
C15H27O6P,1
C19H26O5,1
C20H30O4,1
C16H34N2O5,1
C19H5N5O2,1
C15H13NO8,1
C14H13N3O7,1
C12H18NO8P,1
C12H17NO10,1
C16H17NO7,1
C13H22NO7P,1
C13H21NO9,1
C17H21NO6,1
C15H4N4O4S,1
C8H17O8PS2,1
C19H4N4OS,1
C15H12O9,1
C12H16O9S,1
C14H12N2O8,1
C12H17O9P,1
C16H16O6S,1
C16H16O8,1
C15H17N2O5P,1
C13H20O8S,1
C15H16N2O7,1
C13H20O10,1
C17H20O7,1
C14H24O7S,1
C16H20N2O6,1
C14H25O7P,1
C18H24O6,1
C15H29O6P,1
C15H28O8,1
C19H28O5,1
C16H32O5S,1
C20H33O2P,1
C17H37O4P,1
C12H8N3O7P,1
C14H11NO9,1
C15H15NO8,1
C12H20NO8P,1
C12H19NO10,1
C16H19NO7,1
C17H23NO6,1
C14H10O10,1
C11H15O10P,1
C15H14O7S,1
C15H14O9,1
C14H14N2O8,1
C12H19O9P,1
C16H18O6S,1
C12H18O11,1
C16H18O8,1
C13H22O8S,1
C15H18N2O7,1
C17H22O5S,1
C13H22O10,1
C17H22O7,1
C14H26O7S,1
C16H22N2O6,1
C18H26O4S,1
C18H26O6,1
C15H31O6P,1
C19H30O3S,1
C19H30O5,1
C16H34O5S,1
C14H13NO9,1
C15H17NO8,1
C12H21NO8S,1
C16H21NO7,1
C17H25NO6,1
C14H12O10,1
C12H12N4O6S,1
C11H17O10P,1
C15H16O7S,1
C15H16O7S,1
C9H16N4O8S,1
C15H16O9,1
C12H20O9S,1
C14H16N2O8,1
C19H16O6,1
C16H20O6S,1
C16H20O8,1
C15H21N2O5P,1
C15H20N2O7,1
C13H25O8P,1
C20H20O5,1
C17H24O5S,1
C17H24O7,1
C16H24N2O6,1
C18H28O4S,1
C18H28O6,1
C19H32O3S,1
C19H32O5,1
C17H11NO7,1
C14H15NO9,1
C13H15N3O8,1
C15H19NO8,1
C14H19N3O7,1
C12H24NO8P,1
C16H23NO7,1
C13H10O11,1
C13H14N2O5S2,1
C17H10O8,1
C14H14O8S,1
C14H14O10,1
C13H14N2O9,1
C18H14O7,1
C15H18O7S,1
C14H19N2O4PS,1
C12H22O7S2,1
C19H19O2PS,1
C15H18O9,1
C12H22O9S,1
C14H18N2O8,1
C19H18O6,1
C16H22O6S,1
C16H22O8,1
C13H26O8S,1
C15H22N2O7,1
C13H27O8P,1
C20H22O5,1
C17H26O5S,1
C17H26O7,1
C18H30O4S,1
C18H30O6,1
C19H34O5,1
C20H38O4,1
C13H13NO10,1
C16H14N3O2PS,1
C17H13NO7,1
C14H17NO7S,1
C14H18NO7P,1
C14H17NO9,1
C18H17NO6,1
C18H17NO6,1
C15H21NO8,1
C16H25NO7,1
C13H12O11,1
C17H12O8,1
C14H16O8S,1
C18H17O3PS,1
C8H16N4O9S,1
C14H16O10,1
C11H20O10S,1
C11H20O10S,1
C13H16N2O9,1
C11H21O10P,1
C18H16O7,1
C15H20O7S,1
C15H20O9,1
C12H24O9S,1
C19H20O6,1
C16H24O6S,1
C16H24O8,1
C20H24O5,1
C17H28O5S,1
C17H28O7,1
C18H32O6,1
C19H36O5,1
C16H11NO8,1
C13H15NO8S,1
C13H16NO8P,1
C13H15NO10,1
C17H15NO7,1
C14H19NO9,1
C18H19NO6,1
C15H24NO6P,1
C15H23NO8,1
C16H27NO7,1
C19H40NO2P,1
C16H10O9,1
C13H14O9S,1
C17H15O4PS,1
C13H15O9P,1
C13H14O11,1
C10H19O11P,1
C17H14O8,1
C14H18O8S,1
C14H18O10,1
C11H22O10S,1
C18H18O7,1
C15H22O7S,1
C15H22O9,1
C12H26O9S,1
C19H22O6,1
C16H26O6S,1
C16H26O8,1
C20H26O5,1
C16H13NO8,1
C13H17NO8S,1
C13H17NO10,1
C17H17NO7,1
C14H22NO7P,1
C14H21NO9,1
C18H21NO6,1
C15H25NO8,1
C17H34NO4P,1
C9H16O10S2,1
C16H12O9,1
C13H16O9S,1
C13H16O9S,1
C16H17N2OPS2,1
C13H16O11,1
C17H16O8,1
C14H20O8S,1
C14H20O8S,1
C14H21O8P,1
C14H20O10,1
C11H24O10S,1
C18H20O7,1
C15H24O7S,1
C15H24O9,1
C19H24O6,1
C16H28O6S,1
C20H28O5,1
C19H41O3P,1
C15H11NO9,1
C12H15NO11,1
C16H15NO8,1
C13H19NO8S,1
C13H20NO8P,1
C17H19NO7,1
C16H19N3O6,1
C14H24NO7P,1
C14H23NO9,1
C18H23NO6,1
C15H27NO8,1
C16H31NO7,1
C17H36NO4P,1
C15H10O10,1
C12H15O10P,1
C8H18N2O9S2,1
C16H14O7S,1
C10H23O7PS2,1
C15H15N2O6P,1
C13H18O9S,1
C19H15N2O3P,1
C17H18O6S,1
C13H18O11,1
C13H18O11,1
C10H22O11S,1
C17H18O8,1
C14H22O8S,1
C16H18N2O7,1
C14H23O8P,1
C18H22O5S,1
C14H22O10,1
C14H22O10,1
C18H22O7,1
C15H26O7S,1
C17H22N2O6,1
C19H26O6,1
C16H30O6S,1
C18H26N2O5,1
C16H31O6P,1
C20H30O5,1
C18H38O4S,1
C14H14N3O6P,1
C12H17NO11,1
C12H17NO11,1
C16H17NO8,1
C17H21NO7,1
C14H26NO7P,1
C14H25NO9,1
C18H25NO6,1
C8H17O9PS2,1
C9H21O8PS2,1
C15H12O10,1
C12H17O10P,1
C9H21O10PS,1
C18H13N2O4P,1
C12H16O12,1
C16H16O9,1
C13H20O9S,1
C15H16N2O8,1
C17H20O6S,1
C13H20O11,1
C17H20O8,1
C16H20N2O7,1
C14H25O8P,1
C18H24O5S,1
C14H24O10,1
C12H24N4O6S,1
C18H24O7,1
C17H24N2O6,1
C19H28O4S,1
C19H28O6,1
C16H32O6S,1
C20H32O5,1
C17H36O5S,1
C17H37O5P,1
C16H36N2O6,1
C14H11NO10,1
C13H12N3O7P,1
C15H15NO7S,1
C15H15NO7S,1
C24H7N3O,1
C15H15NO9,1
C12H20NO9P,1
C16H19NO8,1
C15H19N3O7,1
C17H23NO7,1
C8H19O9PS2,1
C11H15O11P,1
C18H10O8,1
C15H14O8S,1
C9H14N4O9S,1
C15H14O10,1
C14H14N2O9,1
C19H14O7,1
C16H18O7S,1
C16H18O7S,1
C20H19O2PS,1
C16H18O9,1
C13H22O9S,1
C13H22O9S,1
C15H18N2O8,1
C13H23O9P,1
C17H22O6S,1
C17H22O8,1
C14H26O8S,1
C11H22N4O9,1
C16H22N2O7,1
C18H26O5S,1
C14H26O10,1
C18H27O5P,1
C18H26O7,1
C15H30O7S,1
C19H30O4S,1
C19H30O6,1
C16H34O6S,1
C16H35O6P,1
C20H34O3S,1
C20H34O5,1
C23H5N3O2,1
C9H14N3O10P,1
C14H13NO10,1
C15H18NO7P,1
C15H17NO9,1
C16H21NO8,1
C17H8O5S2,1
C18H12O6S,1
C18H12O6S,1
C14H12O11,1
C22H12O3S,1
C11H17O11P,1
C18H12O8,1
C17H13N2O5P,1
C15H16O8S,1
C9H16N4O9S,1
C15H16O10,1
C12H20O10S,1
C12H20O10S,1
C19H16O7,1
C16H20O7S,1
C16H20O9,1
C13H24O9S,1
C15H20N2O8,1
C20H20O6,1
C17H24O6S,1
C17H24O8,1
C14H28O8S,1
C16H24N2O7,1
C21H24O5,1
C18H28O5S,1
C18H28O7,1
C19H32O6,1
C20H36O5,1
C14H15NO10,1
C18H15NO7,1
C15H19NO9,1
C19H19NO6,1
C16H23NO8,1
C15H23N3O7,1
C17H27NO7,1
C17H10O9,1
C14H14O9S,1
C14H15O9P,1
C14H14O11,1
C11H19O11P,1
C18H14O8,1
C15H18O8S,1
C17H14N2O7,1
C15H18O10,1
C12H22O10S,1
C12H22O10S,1
C14H18N2O9,1
C23H18O2S,1
C19H18O7,1
C16H22O7S,1
C16H23O7P,1
C16H22O9,1
C13H26O9S,1
C13H26O9S,1
C20H22O6,1
C17H26O6S,1
C17H26O8,1
C21H26O5,1
C18H30O5S,1
C18H30O5S,1
C18H30O7,1
C19H34O6,1
C20H38O5,1
C17H13NO8,1
C14H17NO8S,1
C14H17NO10,1
C18H17NO7,1
C19H21NO6,1
C16H26NO6P,1
C16H25NO8,1
C17H29NO7,1
C18H33NO6,1
C17H12O9,1
C14H16O9S,1
C14H16O11,1
C11H21O11P,1
C18H16O8,1
C15H20O8S,1
C15H20O10,1
C12H24O10S,1
C12H24O10S,1
C19H20O7,1
C16H24O7S,1
C16H25O7P,1
C16H24O9,1
C20H24O6,1
C19H25N2O3P,1
C17H28O6S,1
C17H28O8,1
C21H28O5,1
C18H33O5P,1
C17H33N2O4P,1
C16H11NO9,1
C13H15NO11,1
C17H15NO8,1
C14H20NO8P,1
C14H19NO10,1
C11H23NO10S,1
C18H19NO7,1
C15H24NO7P,1
C19H23NO6,1
C16H27NO8,1
C18H35NO6,1
C16H10O10,1
C13H15O10P,1
C13H14O12,1
C17H14O9,1
C14H18O9S,1
C14H18O9S,1
C14H19O9P,1
C18H18O6S,1
C14H18O11,1
C13H19N2O8P,1
C18H18O8,1
C15H22O8S,1
C15H22O10,1
C12H26O10S,1
C19H22O7,1
C16H26O7S,1
C16H26O7S,1
C16H27O7P,1
C16H26O9,1
C20H26O6,1
C21H30O5,1
C18H35O5P,1
C16H13NO9,1
C13H18NO9P,1
C14H21NO10,1
C17H22N3O2PS,1
C18H21NO7,1
C19H25NO6,1
C17H34NO5P,1
C16H12O10,1
C17H16O9,1
C16H17N2O6P,1
C14H20O9S,1
C14H20O11,1
C11H24O11S,1
C18H20O8,1
C15H24O8S,1
C15H25O8P,1
C19H24O7,1
C16H29O7P,1
C20H28O6,1
C17H32O6S,1
C17H33O6P,1
C21H32O5,1
C18H36O5S,1
C15H11NO10,1
C16H15NO9,1
C15H16N3O6P,1
C15H16N3O6P,1
C13H20NO9P,1
C13H19NO11,1
C17H19NO8,1
C17H36NO5P,1
C23H10O3S,1
C12H15O11P,1
C16H14O8S,1
C10H23O8PS2,1
C16H14O10,1
C13H19O10P,1
C10H23O10PS,1
C17H18O7S,1
C13H18O12,1
C11H18N4O8S,1
C17H18O9,1
C14H22O9S,1
C16H18N2O8,1
C14H23O9P,1
C18H22O6S,1
C18H22O8,1
C17H22N2O7,1
C15H27O8P,1
C19H26O5S,1
C19H26O7,1
C16H30O7S,1
C20H30O6,1
C17H35O6P,1
C21H34O5,1
C15H13NO10,1
C14H14N3O7P,1
C16H17NO9,1
C17H21NO8,1
C17H26N3O2PS,1
C18H25NO7,1
C15H30NO7P,1
C17H37NO7,1
C9H21O9PS2,1
C15H12O11,1
C12H17O11P,1
C20H8N4O4,1
C16H16O8S,1
C16H16O8S,1
C23H13O3P,1
C20H17O3PS,1
C16H16O10,1
C13H20O10S,1
C15H16N2O9,1
C17H20O7S,1
C17H20O9,1
C16H21N2O6P,1
C16H20N2O8,1
C21H20O6,1
C18H24O6S,1
C14H24O11,1
C18H24O8,1
C17H24N2O7,1
C15H29O8P,1
C19H28O5S,1
C19H28O7,1
C20H32O6,1
C21H36O5,1
C13H12N3O8P,1
C15H15NO8S,1
C24H7N3O2,1
C15H15NO10,1
C12H19NO10S,1
C16H19NO9,1
C17H23NO8,1
C16H23N3O7,1
C20H23N3O4,1
C18H27NO7,1
C12H7N2O10P,1
C19H6N4O3S,1
C9H14N4O10S,1
C15H14O11,1
C12H19O11P,1
C19H14O8,1
C16H18O8S,1
C10H18N4O9S,1
C16H18O10,1
C15H19N2O7P,1
C13H22O10S,1
C15H18N2O9,1
C20H18O7,1
C17H22O7S,1
C24H19O2P,1
C14H18N4O8,1
C17H23O7P,1
C17H22O9,1
C16H23N2O6P,1
C16H22N2O8,1
C14H27O9P,1
C21H22O6,1
C18H26O6S,1
C18H26O6S,1
C18H26O8,1
C17H27N2O5P,1
C15H30O8S,1
C17H26N2O7,1
C22H26O5,1
C19H30O5S,1
C19H31O5P,1
C19H30O7,1
C20H34O6,1
C21H38O5,1
C10H13NO12S,1
C9H14N3O9PS,1
C23H5N3O3,1
C22H13NO3S,1
C18H13NO8,1
C15H17NO8S,1
C15H18NO8P,1
C15H17NO10,1
C11H21N3O9S,1
C19H17NO7,1
C16H22NO7P,1
C20H21NO6,1
C17H25NO8,1
C18H4N4O6,1
C18H12O7S,1
C14H12O12,1
C18H12O9,1
C15H16O9S,1
C9H16N4O10S,1
C15H16O11,1
C12H20O11S,1
C15H21N2O3PS2,1
C19H16O8,1
C16H20O8S,1
C16H21O8P,1
C16H20O10,1
C13H24O10S,1
C13H25O10P,1
C20H20O7,1
C17H24O7S,1
C17H24O9,1
C14H28O9S,1
C21H24O6,1
C18H28O6S,1
C18H28O6S,1
C18H29O6P,1
C18H28O8,1
C22H28O5,1
C19H32O7,1
C20H36O6,1
C13H12NO10P,1
C14H15NO9S,1
C11H11N5O10,1
C14H15NO11,1
C18H15NO8,1
C15H19NO8S,1
C19H19NO7,1
C19H23N3OS2,1
C16H24NO7P,1
C16H23NO9,1
C20H23NO6,1
C18H32NOPS2,1
C18H31NO7,1
C21H44NO2P,1
C17H10O10,1
C14H15O10P,1
C14H14O12,1
C14H19N2O4PS2,1
C18H14O9,1
C15H18O9S,1
C15H18O11,1
C12H22O11S,1
C19H18O8,1
C16H22O8S,1
C16H23O8P,1
C16H22O10,1
C13H26O10S,1
C13H26O10S,1
C20H22O7,1
C17H26O7S,1
C17H26O7S,1
C21H26O4S,1
C17H26O9,1
C14H30O9S,1
C14H30O9S,1
C21H26O6,1
C18H30O8,1
C22H30O5,1
C19H35O5P,1
C17H13NO9,1
C20H14N3OPS,1
C22H9N5O2,1
C14H17NO11,1
C18H17NO8,1
C15H22NO8P,1
C19H21NO7,1
C16H26NO7P,1
C16H25NO9,1
C16H25NO9,1
C20H25NO6,1
C17H29NO8,1
C22H8N4OS,1
C17H12O10,1
C18H16O7S,1
C14H16O12,1
C19H21O2PS2,1
C18H16O9,1
C15H20O9S,1
C15H21O9P,1
C19H20O6S,1
C15H20O11,1
C12H24O11S,1
C19H20O8,1
C16H24O8S,1
C16H24O10,1
C13H28O10S,1
C20H24O7,1
C17H28O7S,1
C17H28O7S,1
C17H29O7P,1
C17H28O9,1
C21H28O6,1
C18H33O6P,1
C22H32O5,1
C17H15NO7S,1
C17H15NO9,1
C14H20NO9P,1
C15H24NO8P,1
C15H23NO10,1
C20H27NO6,1
C18H35NO5S,1
C13H15O11P,1
C17H14O10,1
C14H18O10S,1
C14H18O12,1
C18H18O9,1
C15H22O9S,1
C15H23O9P,1
C15H22O11,1
C14H23N2O8P,1
C12H26O11S,1
C19H22O8,1
C16H26O8S,1
C16H26O8S,1
C18H22N2O7,1
C16H27O8P,1
C16H26O10,1
C16H26O10,1
C10H26N4O11,1
C20H26O7,1
C17H31O7P,1
C21H30O6,1
C18H35O6P,1
C22H34O5,1
C19H39O5P,1
C16H13NO10,1
C17H17NO9,1
C14H22NO9P,1
C18H21NO8,1
C17H21N3O7,1
C18H37NO5S,1
C18H38NO5P,1
C16H12O11,1
C13H17O11P,1
C21H17O3PS,1
C21H16O5S,1
C17H16O10,1
C15H16N4O6S,1
C14H21O10P,1
C19H16N4O3S,1
C18H20O9,1
C15H24O9S,1
C15H24O9S,1
C17H20N2O8,1
C15H25O9P,1
C19H24O8,1
C16H29O8P,1
C20H28O5S,1
C20H28O5S,1
C20H28O7,1
C17H33O7P,1
C17H32O9,1
C20H33N2OPS,1
C21H32O6,1
C18H37O6P,1
C18H36O8,1
C19H41O5P,1
C14H11N3O6S2,1
C16H15NO8S,1
C22H11N3O4,1
C19H16N3O4P,1
C16H20N3O4PS,1
C17H19NO9,1
C18H23NO8,1
C18H23NO8,1
C19H27NO7,1
C18H7O8P,1
C10H23O9PS2,1
C16H14O11,1
C15H14N2O10,1
C13H19O11P,1
C20H14O8,1
C21H10N4O4,1
C17H18O8S,1
C17H19O8P,1
C17H18O10,1
C16H19N2O7P,1
C16H18N2O9,1
C14H23O10P,1
C18H22O7S,1
C18H22O7S,1
C14H22O12,1
C18H22O9,1
C17H22N2O8,1
C15H27O9P,1
C19H26O6S,1
C19H26O8,1
C18H26N2O7,1
C16H31O8P,1
C20H30O5S,1
C20H30O5S,1
C20H30O7,1
C17H35O7P,1
C21H34O6,1
C18H38O6S,1
C18H39O6P,1
C15H13NO11,1
C14H14N3O8P,1
C17H21NO9,1
C16H21N3O8,1
C18H25NO8,1
C19H29NO7,1
C19H29NO7,1
C9H21O10PS2,1
C15H12O12,1
C12H17O12P,1
C19H12O9,1
C16H16O9S,1
C16H16O9S,1
C20H17O4PS,1
C16H17O9P,1
C16H16O11,1
C15H16N2O10,1
C13H21O11P,1
C20H16O8,1
C17H20O8S,1
C17H20O10,1
C16H21N2O7P,1
C28H16O2,1
C14H25O10P,1
C21H20O7,1
C18H24O7S,1
C18H25O7P,1
C18H24O9,1
C17H24N2O8,1
C22H24O6,1
C19H28O6S,1
C19H28O8,1
C20H32O5S,1
C20H32O7,1
C21H36O6,1
C22H40O5,1
C24H7N3OS,1
C24H7N3O3,1
C19H15NO8,1
C16H19NO8S,1
C16H19NO10,1
C20H19NO7,1
C17H24NO7P,1
C16H23N3O8,1
C18H27NO8,1
C21H39NO5,1
C19H6N4O6,1
C19H15O5PS,1
C15H15O10P,1
C15H14O12,1
C12H19O12P,1
C19H14O9,1
C18H15N2O6P,1
C16H18O9S,1
C16H19O9P,1
C16H18O11,1
C13H22O11S,1
C13H22O11S,1
C15H18N2O10,1
C20H18O8,1
C17H22O8S,1
C17H22O8S,1
C17H23O8P,1
C17H22O10,1
C14H26O10S,1
C21H22O7,1
C18H26O7S,1
C18H27O7P,1
C18H26O9,1
C22H26O6,1
C19H30O6S,1
C19H30O8,1
C23H30O5,1
C20H35O5P,1
C20H34O7,1
C21H38O6,1
C23H5N3O4,1
C18H17N3O3S2,1
C15H18NO9P,1
C19H17NO8,1
C16H21NO8S,1
C16H22NO8P,1
C20H21NO7,1
C20H25N3OS2,1
C18H29NO8,1
C18H12O10,1
C26H12O2S,1
C15H17O10P,1
C15H16O12,1
C15H21N2O4PS2,1
C26H12O4,1
C19H16O9,1
C16H20O9S,1
C16H20O9S,1
C16H21O9P,1
C16H20O11,1
C13H24O11S,1
C16H25N2O3PS2,1
C20H20O8,1
C17H24O8S,1
C17H24O8S,1
C17H25O8P,1
C17H24O10,1
C16H25N2O7P,1
C14H28O10S,1
C21H24O7,1
C18H28O7S,1
C18H29O7P,1
C18H28O9,1
C22H28O6,1
C19H32O6S,1
C19H33O6P,1
C19H32O8,1
C19H32O8,1
C18H15NO9,1
C17H16N3O6P,1
C15H20NO9P,1
C15H19NO11,1
C19H19NO8,1
C19H19NO8,1
C19H23N3O2S2,1
C19H23N3O2S2,1
C16H24NO8P,1
C20H23NO7,1
C21H44NO3P,1
C14H15O11P,1
C18H14O10,1
C15H18O10S,1
C15H19O10P,1
C28H10N2O,1
C15H18O12,1
C12H22O12S,1
C19H18O9,1
C16H22O9S,1
C16H22O9S,1
C12H22O14,1
C16H23O9P,1
C16H22O11,1
C13H26O11S,1
C20H22O8,1
C17H26O8S,1
C17H27O8P,1
C17H26O10,1
C17H26O10,1
C16H27N2O7P,1
C21H26O7,1
C18H30O7S,1
C18H31O7P,1
C18H30O9,1
C22H30O6,1
C17H13NO10,1
C18H17NO9,1
C15H22NO9P,1
C19H21NO8,1
C16H26NO8P,1
C16H26NO8P,1
C20H25NO7,1
C13H17N2O6PS2,1
C17H12O11,1
C18H16O10,1
C15H20O10S,1
C15H21O10P,1
C15H20O12,1
C26H16O4,1
C19H20O9,1
C16H24O9S,1
C16H24O9S,1
C16H24O11,1
C10H24N4O12,1
C20H24O8,1
C17H28O8S,1
C17H28O8S,1
C17H29O8P,1
C21H29O5P,1
C28H24O2,1
C21H28O7,1
C18H33O7P,1
C22H32O6,1
C19H37O6P,1
C20H40O5S,1
C20H41O5P,1
C17H15NO10,1
C25H15NO2S,1
C18H19NO9,1
C15H23NO11,1
C18H35NO6S,1
C17H14O11,1
C14H19O11P,1
C20H15N2O5P,1
C18H18O10,1
C16H18N4O6S,1
C15H23O10P,1
C19H22O7S,1
C19H22O9,1
C18H23N2O6P,1
C16H27O9P,1
C16H26O11,1
C10H26N4O12,1
C20H26O8,1
C17H31O8P,1
C21H30O7,1
C18H35O7P,1
C18H34O9,1
C17H35N2O6P,1
C22H34O6,1
C22H34O6,1
C19H39O6P,1
C20H43O5P,1
C16H13NO11,1
C13H18NO11P,1
C17H17NO10,1
C17H21N3O4S2,1
C14H22NO10P,1
C18H21NO9,1
C20H29NO7,1
C18H37NO6S,1
C18H38NO6P,1
C18H9N2O7P,1
C16H12O12,1
C24H12O4S,1
C21H17O4PS,1
C17H16O11,1
C14H21O11P,1
C14H20O13,1
C18H20O10,1
C15H24O10S,1
C17H20N2O9,1
C15H25O10P,1
C19H24O7S,1
C19H24O7S,1
C28H16N2O,1
C19H24O9,1
C16H29O9P,1
C20H28O6S,1
C20H28O6S,1
C20H28O8,1
C17H33O8P,1
C21H32O5S,1
C21H32O7,1
C17H37N2O6P,1
C22H36O6,1
C19H40O6S,1
C17H19NO10,1
C21H19NO7,1
C18H23NO9,1
C19H27NO8,1
C20H31NO7,1
C24H31NO4,1
C19H10O10,1
C10H23O10PS2,1
C16H14O12,1
C24H14O4S,1
C13H19O12P,1
C20H14O9,1
C17H18O9S,1
C11H18N4O10S,1
C17H19O9P,1
C17H18O11,1
C25H18O3S,1
C14H23O11P,1
C21H18O8,1
C18H22O8S,1
C18H22O8S,1
C18H23O8P,1
C18H22O10,1
C17H22N2O9,1
C15H27O10P,1
C22H22O7,1
C19H26O7S,1
C19H26O9,1
C30H22O,1
C18H26N2O8,1
C23H26O6,1
C20H30O6S,1
C20H30O6S,1
C20H31O6P,1
C20H30O8,1
C23H31N2O2P,1
C21H34O5S,1
C21H34O7,1
C18H38O7S,1
C22H38O6,1
C25H9N3OS,1
C14H14N3O9P,1
C16H17NO9S,1
C17H22NO4PS2,1
C20H17NO8,1
C17H22NO8P,1
C21H21NO7,1
C21H25N3OS2,1
C18H26NO7P,1
C18H25NO9,1
C13H12N4O9S,1
C20H16O5S2,1
C20H17O5PS,1
C16H17O10P,1
C16H16O12,1
C24H16O4S,1
C20H16O9,1
C17H20O9S,1
C17H21O9P,1
C17H20O11,1
C14H24O11S,1
C21H20O8,1
C18H24O8S,1
C18H24O8S,1
C18H25O8P,1
C18H24O10,1
C22H24O7,1
C19H28O7S,1
C19H29O7P,1
C19H28O9,1
C17H29N4O5P,1
C23H28O6,1
C23H28O6,1
C20H32O6S,1
C20H33O6P,1
C20H32O8,1
C21H36O7,1
C19H15NO9,1
C19H19N3O3S2,1
C27H15NOS,1
C16H20NO9P,1
C20H19NO8,1
C17H24NO8P,1
C21H23NO7,1
C19H31NO8,1
C19H6N4O5S,1
C15H15O11P,1
C15H14O13,1
C19H14O10,1
C22H15N2O2PS,1
C16H18O10S,1
C16H19O10P,1
C16H18O12,1
C26H14N2OS,1
C27H14O4,1
C20H18O9,1
C17H22O9S,1
C17H22O9S,1
C17H22O11,1
C16H23N2O8P,1
C14H26O11S,1
C22H27OPS2,1
C21H22O8,1
C18H26O8S,1
C18H26O8S,1
C18H26O10,1
C22H26O7,1
C19H30O7S,1
C19H31O7P,1
C19H30O9,1
C22H30N2O3S,1
C30H26O,1
C23H30O6,1
C23H30O6,1
C20H35O6P,1
C20H34O8,1
C18H13NO10,1
C19H17NO9,1
C19H17NO9,1
C19H21N3O3S2,1
C16H22NO9P,1
C16H21NO11,1
C16H21NO11,1
C20H21NO8,1
C19H21N3O7,1
C20H25N3O2S2,1
C17H26NO8P,1
C17H25NO10,1
C21H25NO7,1
C21H41NO4S,1
C18H12O7S2,1
C18H12O11,1
C15H17O11P,1
C15H16O13,1
C19H16O10,1
C16H20O10S,1
C16H21O10P,1
C16H20O12,1
C26H16N2OS,1
C20H20O9,1
C17H24O9S,1
C17H24O9S,1
C17H25O9P,1
C17H24O11,1
C14H28O11S,1
C21H24O8,1
C18H28O8S,1
C18H28O8S,1
C18H29O8P,1
C18H28O10,1
C17H28N2O9,1
C22H28O7,1
C19H32O7S,1
C23H32O6,1
C20H37O6P,1
C23H49O3P,1
C15H20NO10P,1
C19H19NO9,1
C27H19NOS,1
C16H24NO9P,1
C20H23NO8,1
C20H27N3O2S2,1
C17H27NO10,1
C20H27N3O4S,1
C21H27NO7,1
C18H31NO9,1
C18H31NO9,1
C21H44NO4P,1
C14H19N2O6PS2,1
C18H14O11,1
C15H19O11P,1
C15H18O13,1
C19H18O10,1
C16H23O10P,1
C27H18O4,1
C20H22O9,1
C17H26O9S,1
C17H26O9S,1
C17H27O9P,1
C21H26O8,1
C18H30O8S,1
C18H31O8P,1
C22H30O7,1
C19H35O7P,1
C30H30O,1
C23H34O6,1
C21H42O5S,1
C17H13NO11,1
C18H17NO10,1
C15H21NO12,1
C19H21NO9,1
C16H26NO9P,1
C16H25NO11,1
C19H38NO6P,1
C17H12O12,1
C14H17O12P,1
C18H16O11,1
C15H21O11P,1
C26H17O3P,1
C19H20O10,1
C16H25O10P,1
C20H24O9,1
C17H29O9P,1
C21H29O6P,1
C21H28O8,1
C22H32O7,1
C19H37O7P,1
C20H41O6P,1
C17H15NO11,1
C18H19NO10,1
C19H23NO9,1
C18H35NO5S2,1
C18H36NO7P,1
C28H10O2S,1
C17H14O12,1
C14H19O12P,1
C12H18N4O10S,1
C29H14OS,1
C18H19O9P,1
C15H23O9PS,1
C18H18O11,1
C17H18N2O10,1
C15H23O11P,1
C22H18O8,1
C15H22O13,1
C26H18O5,1
C19H22O10,1
C16H26O10S,1
C18H22N2O9,1
C16H27O10P,1
C20H26O7S,1
C20H26O7S,1
C20H26O9,1
C19H26N2O8,1
C28H26OS,1
C18H35O4PS2,1
C21H31O6P,1
C21H30O8,1
C22H34O7,1
C23H38O6,1
C20H43O6P,1
C28H42O2,1
C12H18N3O9PS,1
C21H17NO8,1
C18H21NO10,1
C17H21N3O9,1
C28H17N3O,1
C19H25NO9,1
C10H21O11PS2,1
C13H17O13P,1
C13H21N2O7PS2,1
C17H16O12,1
C14H21O12P,1
C18H20O9S,1
C18H20O11,1
C17H20N2O10,1
C18H24N2O5S2,1
C15H25O11P,1
C19H24O8S,1
C15H24O13,1
C19H24O10,1
C27H24O2S,1
C23H24O7,1
C20H28O7S,1
C20H28O7S,1
C20H29O7P,1
C20H28O9,1
C24H28O6,1
C21H32O8,1
C22H36O7,1
C25H7N3O2S,1
C17H19NO11,1
C21H19NO8,1
C18H23NO10,1
C15H27NO10S,1
C20H31NO8,1
C13H7N2O12P,1
C22H11N2OPS2,1
C20H14O6S2,1
C16H14O13,1
C20H14O10,1
C17H19O10P,1
C17H18O12,1
C14H23O12P,1
C21H18O9,1
C24H19N2OPS,1
C18H22O9S,1
C18H22O9S,1
C18H22O9S,1
C18H23O9P,1
C18H22O11,1
C15H26O11S,1
C17H22N2O10,1
C22H22O8,1
C19H26O8S,1
C25H22N2O2S,1
C19H27O8P,1
C19H26O10,1
C23H26O7,1
C20H30O7S,1
C20H31O7P,1
C20H30O9,1
C24H30O6,1
C21H35O6P,1
C21H34O8,1
C23H18N3OPS,1
C21H21NO8,1
C18H26NO8P,1
C20H8N4O5S,1
C19H12O11,1
C16H17O11P,1
C16H16O13,1
C20H16O10,1
C17H20O10S,1
C17H20O10S,1
C17H21O10P,1
C17H20O12,1
C27H16N2OS,1
C14H24O12S,1
C28H16O4,1
C21H20O9,1
C18H24O9S,1
C18H24O9S,1
C18H25O9P,1
C18H24O11,1
C17H25N2O8P,1
C15H28O11S,1
C22H24O8,1
C19H28O8S,1
C19H28O10,1
C23H28O7,1
C20H32O7S,1
C20H32O9,1
C31H28O,1
C16H36N2O8S,1
C24H32O6,1
C21H37O6P,1
C21H41N2O4P,1
C11H19N3O12S,1
C19H15NO10,1
C20H19NO9,1
C17H24NO9P,1
C21H23NO8,1
C18H28NO8P,1
C18H27NO10,1
C22H27NO7,1
C21H27N3O6,1
C19H31NO9,1
C15H14O14,1
C19H14O11,1
C16H19O11P,1
C16H18O13,1
C24H19O3PS,1
C22H14N2O7,1
C27H14O5,1
C20H18O10,1
C17H22O10S,1
C17H23O10P,1
C17H22O12,1
C27H18N2OS,1
C14H26O12S,1
C21H22O9,1
C20H23N2O6P,1
C18H26O9S,1
C18H27O9P,1
C18H26O11,1
C22H26O8,1
C19H30O8S,1
C19H30O8S,1
C19H31O8P,1
C19H30O10,1
C23H30O7,1
C20H34O7S,1
C20H34O7S,1
C20H35O7P,1
C20H34O9,1
C24H34O6,1
C24H34O6,1
C21H39O6P,1
C11H6N3O13P,1
C11H6N3O13P,1
C28H9N3O2,1
C18H17N3O7S,1
C19H17NO10,1
C16H22NO10P,1
C20H21NO9,1
C23H22N3OPS,1
C17H26NO9P,1
C20H26N3O3PS,1
C21H25NO8,1
C22H29NO7,1
C17H8O9S2,1
C18H12O12,1
C15H17O12P,1
C15H16O14,1
C19H16O11,1
C20H20O8S,1
C16H20O13,1
C27H16O5,1
C20H20O10,1
C17H24O10S,1
C17H25O10P,1
C17H24O12,1
C17H24O12,1
C11H24N4O13,1
C21H24O9,1
C18H28O9S,1
C18H28O9S,1
C18H29O9P,1
C18H28O11,1
C22H28O8,1
C19H33O8P,1
C30H28O2,1
C23H32O7,1
C20H36O7S,1
C20H37O7P,1
C24H36O6,1
C18H15NO11,1
C15H20NO11P,1
C19H19NO10,1
C16H24NO10P,1
C21H27NO8,1
C20H40NO6P,1
C20H40NO6P,1
C20H11N2O3PS2,1
C18H14O12,1
C15H19O12P,1
C27H18OS2,1
C19H18O11,1
C16H23O11P,1
C20H22O8S,1
C21H27O3PS2,1
C20H22O10,1
C17H26O10S,1
C17H27O10P,1
C11H26N4O13,1
C21H26O9,1
C19H26N4O5S,1
C18H31O9P,1
C12H30N4O12,1
C22H30O8,1
C23H34O7,1
C20H38O7S,1
C20H39O7P,1
C22H47O5P,1
C18H17NO11,1
C28H13N3O2,1
C19H21NO10,1
C18H21N3O9,1
C29H17N3O,1
C21H29NO8,1
C19H37NO7S,1
C18H17O10P,1
C18H16O12,1
C13H20N4O10S,1
C19H21O9P,1
C19H20O11,1
C27H21OPS,1
C18H20N2O10,1
C16H25O11P,1
C16H24O13,1
C16H24O13,1
C20H25O8P,1
C20H24O10,1
C19H24N2O9,1
C17H29O10P,1
C21H28O7S,1
C21H28O7S,1
C18H24N4O8,1
C21H29O7P,1
C21H28O9,1
C18H33O9P,1
C22H33O6P,1
C22H32O8,1
C24H32N4OS,1
C23H37O5P,1
C30H32O2,1
C23H36O7,1
C23H36O7,1
C20H41O7P,1
C18H19NO11,1
C17H19N3O10,1
C18H24N3O5PS,1
C28H28NOP,1
C28H28NOP,1
C17H14O13,1
C28H10O5,1
C25H14O5S,1
C29H14O2S,1
C18H19O10P,1
C18H18O12,1
C28H15N2OP,1
C15H23O12P,1
C19H22O9S,1
C19H23O9P,1
C19H22O11,1
C16H26O11S,1
C18H22N2O10,1
C16H27O11P,1
C20H26O8S,1
C20H26O8S,1
C20H26O10,1
C31H22O2,1
C17H31O10P,1
C24H26O7,1
C21H30O7S,1
C21H30O9,1
C22H35O6P,1
C22H34O8,1
C27H13N3OS,1
C13H22N3O9PS,1
C21H17NO9,1
C24H18N3OPS,1
C18H22NO9P,1
C22H21NO8,1
C19H26NO8P,1
C19H25NO10,1
C20H29NO9,1
C18H38NO8P,1
C10H9N2O11PS2,1
C11H13N2O10PS2,1
C10H21O12PS2,1
C20H12O11,1
C19H12N2O10,1
C17H16O13,1
C21H16O10,1
C24H17N2O2PS,1
C22H20O5S2,1
C11H25O13PS,1
C15H24O10S2,1
C24H16N2O4S,1
C18H21O10P,1
C18H20O12,1
C29H16O4,1
C16H21N4O8P,1
C22H20O9,1
C25H21N2OPS,1
C19H24O9S,1
C19H24O9S,1
C19H25O9P,1
C19H24O11,1
C17H25N4O7P,1
C23H24O8,1
C20H28O8S,1
C20H28O10,1
C24H28O7,1
C21H32O7S,1
C21H32O9,1
C25H32O6,1
C22H36O8,1
C19H41O8P,1
C30H36O2,1
C12H3N3O13S,1
C15H16N3O8PS,1
C20H15NO10,1
C14H24NO10PS,1
C21H19NO9,1
C24H20N3OPS,1
C18H24NO9P,1
C22H23NO8,1
C19H28NO8P,1
C19H27NO10,1
C18H27N3O9,1
C20H31NO9,1
C10H23O12PS2,1
C14H23O9PS2,1
C20H14O11,1
C17H19O11P,1
C17H18O13,1
C25H19O3PS,1
C21H18O10,1
C18H22O10S,1
C18H22O12,1
C28H18N2OS,1
C15H26O12S,1
C22H22O9,1
C19H26O9S,1
C22H27N2OPS2,1
C19H26O11,1
C23H26O8,1
C20H30O8S,1
C20H30O8S,1
C20H31O8P,1
C20H30O10,1
C24H30O7,1
C23H31N2O4P,1
C21H34O7S,1
C21H34O9,1
C21H34O9,1
C25H34O6,1
C22H39O6P,1
C19H13NO11,1
C20H17NO10,1
C21H21NO5S2,1
C17H22NO10P,1
C17H21NO12,1
C21H21NO9,1
C24H22N3OPS,1
C20H21N3O8,1
C18H26NO9P,1
C18H25NO11,1
C22H25NO8,1
C19H30NO8P,1
C20H33NO9,1
C20H33NO9,1
C20H5N2O8P,1
C12H8N4O14,1
C16H17O12P,1
C16H16O14,1
C20H16O11,1
C23H17N2O3PS,1
C17H21O11P,1
C17H20O13,1
C14H24O13S,1
C21H20O10,1
C18H24O10S,1
C18H25O10P,1
C18H24O12,1
C17H25N2O9P,1
C22H24O9,1
C21H25N2O6P,1
C19H29O9P,1
C19H28O11,1
C22H28N2O5S,1
C23H28O8,1
C20H32O8S,1
C20H32O8S,1
C20H32O10,1
C24H32O7,1
C21H37O7P,1
C21H36O9,1
C25H36O6,1
C22H41O6P,1
C19H15NO11,1
C16H20NO11P,1
C20H19NO10,1
C28H19NO2S,1
C17H24NO10P,1
C21H23NO9,1
C24H24N3OPS,1
C18H28NO9P,1
C22H27NO8,1
C19H31NO10,1
C19H31NO10,1
C20H35NO5S2,1
C13H31N5O11,1
C20H35NO9,1
C18H10O9S2,1
C17H10N2O8S2,1
C14H15N2O8PS2,1
C19H14O12,1
C22H15N2O4PS,1
C16H19O12P,1
C16H18O14,1
C19H19N2O6PS,1
C20H18O11,1
C17H23O11P,1
C17H22O13,1
C17H22O13,1
C28H18O5,1
C21H22O10,1
C18H26O10S,1
C18H27O10P,1
C18H26O12,1
C29H22O4,1
C22H26O9,1
C21H27N2O6P,1
C19H30O9S,1
C19H31O9P,1
C19H30O11,1
C23H30O8,1
C20H35O8P,1
C31H30O2,1
C24H34O7,1
C21H39O7P,1
C25H38O6,1
C19H17NO11,1
C16H22NO11P,1
C20H21NO10,1
C28H21NO2S,1
C21H25NO9,1
C22H29NO8,1
C16H9N2O7PS2,1
C17H9O12P,1
C18H12O9S2,1
C18H12O13,1
C19H16O12,1
C16H21O12P,1
C14H20N4O10S,1
C20H20O11,1
C17H24O11S,1
C17H25O11P,1
C30H16N2O2,1
C22H29O3PS2,1
C21H24O10,1
C18H29O10P,1
C12H28N4O13,1
C29H24O4,1
C22H28O9,1
C19H33O9P,1
C13H32N4O12,1
C30H28O3,1
C23H32O8,1
C20H37O8P,1
C24H36O7,1
C18H15NO12,1
C22H20N3O3PS,1
C16H24NO11P,1
C20H23NO10,1
C19H23N3O9,1
C17H28NO10P,1
C17H27NO12,1
C20H11N2O4PS2,1
C18H14O13,1
C26H14O5S,1
C19H18O12,1
C27H19O2PS,1
C17H18N4O8S,1
C16H23O12P,1
C20H22O11,1
C17H27O11P,1
C21H26O10,1
C19H26N4O6S,1
C19H26N4O6S,1
C18H31O10P,1
C12H30N4O13,1
C22H30O9,1
C19H35O9P,1
C23H35O6P,1
C23H34O8,1
C20H38O10,1
C24H38O7,1
C21H43O7P,1
C21H42O9,1
C27H6NO2PS,1
C18H17NO12,1
C21H18N3O4PS,1
C19H21NO11,1
C18H21N3O10,1
C20H25NO10,1
C17H5N4O9P,1
C15H8N2O12S,1
C18H16O13,1
C22H16O10,1
C26H17O5P,1
C30H16O2S,1
C19H21O10P,1
C19H20O12,1
C16H25O12P,1
C16H24O14,1
C20H24O11,1
C31H20O3,1
C17H29O11P,1
C24H24O8,1
C21H28O8S,1
C18H24N4O9,1
C21H29O8P,1
C21H28O10,1
C32H24O2,1
C21H32N2O4S2,1
C18H33O10P,1
C22H32O7S,1
C22H32O7S,1
C22H33O7P,1
C22H32O9,1
C18H36N2O8S,1
C23H37O6P,1
C23H36O8,1
C21H15NO10,1
C28H15N3OS,1
C25H19N3OS2,1
C22H19NO9,1
C19H23NO11,1
C18H23N3O10,1
C23H23NO8,1
C21H31NO9,1
C11H11N2O11PS2,1
C30H6N2O3,1
C16H15N2O11P,1
C20H14N2O10,1
C18H19O11P,1
C18H18O13,1
C16H27O8PS2,1
C22H18O10,1
C23H22O5S2,1
C19H22O10S,1
C19H22O10S,1
C19H22O12,1
C30H18O4,1
C23H22O9,1
C23H22O9,1
C20H26O9S,1
C20H26O11,1
C31H22O3,1
C24H26O8,1
C23H27N2O5P,1
C21H30O8S,1
C21H31O8P,1
C21H30O10,1
C32H26O2,1
C17H34N2O9S,1
C25H30O7,1
C22H34O7S,1
C22H35O7P,1
C22H34O9,1
C24H43OPS2,1
C16H18N3O8PS,1
C27H13N3O2S,1
C32H13NO2,1
C18H21NO12,1
C22H21NO9,1
C19H26NO9P,1
C19H25NO11,1
C20H12O12,1
C17H16O14,1
C17H21N2O6PS2,1
C21H16O11,1
C22H20O6S2,1
C18H21O11P,1
C18H20O13,1
C29H16O5,1
C29H16O5,1
C22H20O10,1
C22H20O10,1
C19H24O10S,1
C19H24O10S,1
C19H24O12,1
C23H24O9,1
C20H28O9S,1
C20H28O11,1
C24H28O8,1
C21H32O8S,1
C21H32O8S,1
C21H33O8P,1
C21H32O10,1
C32H28O2,1
C17H36N2O9S,1
C25H32O7,1
C22H37O7P,1
C22H36O9,1
C22H36O9,1
C26H11N3O3S,1
C12H20N3O11PS,1
C30H11N3O2,1
C21H19NO10,1
C24H20N3O2PS,1
C21H23N3O4S2,1
C29H19NO2S,1
C18H23NO12,1
C22H23NO9,1
C22H23NO9,1
C19H27NO11,1
C23H28NO6P,1
C23H27NO8,1
C20H31NO10,1
C20H14O12,1
C20H14O12,1
C23H15N2O4PS,1
C17H19O12P,1
C17H18O14,1
C28H14O6,1
C21H18O11,1
C25H19O6P,1
C18H23O11P,1
C18H22O13,1
C29H18O5,1
C22H22O10,1
C19H26O10S,1
C19H26O10S,1
C19H27O10P,1
C19H26O12,1
C23H26O9,1
C20H30O9S,1
C20H30O9S,1
C20H31O9P,1
C20H30O11,1
C24H30O8,1
C21H34O8S,1
C21H35O8P,1
C21H34O10,1
C25H34O7,1
C22H39O7P,1
C20H17NO11,1
C20H17NO11,1
C17H22NO11P,1
C20H21N3O7S,1
C21H21NO10,1
C21H21NO10,1
C24H21N3O4S,1
C21H25N3O4S2,1
C18H26NO10P,1
C22H25NO9,1
C25H26N3OPS,1
C16H34NO11P,1
C17H38NO6PS2,1
C23H29NO8,1
C20H33NO10,1
C24H33NO7,1
C22H13N2O3PS2,1
C27H12O5S,1
C16H17O13P,1
C20H16O12,1
C20H16O12,1
C24H17O7P,1
C14H16N4O13,1
C17H21O12P,1
C17H20O14,1
C17H20O14,1
C28H16O6,1
C21H20O11,1
C18H25O11P,1
C18H24O13,1
C22H24O10,1
C20H24N4O6S,1
C19H29O10P,1
C19H28O12,1
C23H28O9,1
C20H32O9S,1
C20H33O9P,1
C14H32N4O12,1
C25H29N4O2P,1
C31H28O3,1
C24H32O8,1
C21H37O8P,1
C25H36O7,1
C22H41O7P,1
C19H15NO8S2,1
C32H7N3O,1
C19H15NO12,1
C27H15NO4S,1
C20H19NO11,1
C17H24NO11P,1
C17H23NO13,1
C21H23NO10,1
C24H23N3O4S,1
C22H27NO9,1
C22H27NO9,1
C19H14O13,1
C19H14O13,1
C16H19O13P,1
C20H18O12,1
C28H19O2PS,1
C17H23O12P,1
C21H22O11,1
C29H23OPS,1
C18H27O11P,1
C18H26O13,1
C12H26N4O14,1
C23H31O3PS2,1
C22H26O10,1
C20H26N4O6S,1
C19H31O10P,1
C13H30N4O13,1
C24H35O2PS2,1
C30H26O4,1
C23H30O9,1
C20H35O9P,1
C14H34N4O12,1
C25H39OPS2,1
C24H34O8,1
C21H39O8P,1
C25H38O7,1
C24H51O5P,1
C19H17NO12,1
C19H17NO12,1
C20H21NO11,1
C23H21N3O5S,1
C19H16O13,1
C16H21O13P,1
C27H17O5P,1
C20H21O10P,1
C20H20O12,1
C28H21O2PS,1
C17H25O12P,1
C30H16N2O3,1
C28H21O4P,1
C21H24O11,1
C21H28N2O5S2,1
C18H29O11P,1
C12H28N4O14,1
C22H28O10,1
C19H33O10P,1
C23H33O7P,1
C23H32O9,1
C31H32OS,1
C24H37O6P,1
C25H41OPS2,1
C24H36O8,1
C21H40O10,1
C19H19NO12,1
C22H19N3O6S,1
C20H23NO11,1
C23H23N3O5S,1
C19H23N3O10,1
C21H27NO10,1
C25H32N3OPS,1
C23H19O6PS,1
C21H14N2O10,1
C19H19O11P,1
C19H18O13,1
C16H23O13P,1
C23H18O10,1
C22H19N2O7P,1
C12H27N2O12PS,1
C20H22O12,1
C19H22N2O11,1
C28H22O4S,1
C17H27O12P,1
C30H18N2O3,1
C21H27O9P,1
C21H26O11,1
C21H30N2O5S2,1
C18H31O11P,1
C25H26O8,1
C22H30O8S,1
C22H31O8P,1
C22H30O10,1
C33H26O2,1
C19H35O10P,1
C23H35O7P,1
C23H34O9,1
C24H39O6P,1
C24H38O8,1
C22H17NO10,1
C19H21NO12,1
C22H33NO9,1
C12H13N2O11PS2,1
C18H4N2O13,1
C20H12N2O11,1
C18H16O14,1
C15H21O14P,1
C22H16O11,1
C13H20N4O12S,1
C19H21O11P,1
C19H20O13,1
C16H25O13P,1
C23H20O10,1
C26H21N2O2PS,1
C20H25O10P,1
C20H24O12,1
C31H20O4,1
C31H20O4,1
C24H24O9,1
C24H24O9,1
C21H28O9S,1
C21H28O9S,1
C21H29O9P,1
C21H28O11,1
C32H24O3,1
C25H28O8,1
C25H28O8,1
C22H32O8S,1
C22H33O8P,1
C22H32O10,1
C33H28O2,1
C26H32O7,1
C23H37O7P,1
C23H36O9,1
C21H45O8P,1
C22H19NO10,1
C23H23NO9,1
C21H31NO10,1
C21H14O12,1
C18H19O12P,1
C18H18O14,1
C22H18O11,1
C19H23O11P,1
C19H22O13,1
C30H18O5,1
C23H22O10,1
C20H26O10S,1
C20H26O10S,1
C20H27O10P,1
C20H26O12,1
C31H22O4,1
C24H26O9,1
C21H30O9S,1
C21H30O9S,1
C21H31O9P,1
C21H30O11,1
C25H30O8,1
C22H34O8S,1
C22H34O8S,1
C22H34O10,1
C26H34O7,1
C23H39O7P,1
C27H13N3O3S,1
C24H17N3O3S2,1
C21H22N3O5PS,1
C22H21NO10,1
C22H21NO10,1
C22H26N3O4PS,1
C23H25NO9,1
C24H29NO4S2,1
C21H33NO10,1
C21H16O12,1
C22H20O7S2,1
C18H21O12P,1
C18H20O14,1
C29H16O6,1
C22H20O11,1
C22H20O11,1
C19H25O11P,1
C19H24O13,1
C30H20O5,1
C23H24O10,1
C26H25N2O2PS,1
C20H28O10S,1
C20H28O10S,1
C20H29O10P,1
C20H28O12,1
C24H28O9,1
C21H32O9S,1
C21H32O11,1
C24H33N2O3PS,1
C25H32O8,1
C22H36O8S,1
C22H36O8S,1
C22H37O8P,1
C26H36O7,1
C26H36O7,1
C23H41O7P,1
C24H45O2PS2,1
C31H40OS,1
C21H19NO11,1
C21H19NO11,1
C22H23NO10,1
C20H32NO5PS2,1
C23H27NO9,1
C23H27NO9,1
C22H27N3O8,1
C20H31NO11,1
C24H31NO8,1
C31H11OPS,1
C20H14O13,1
C28H14O5S,1
C17H19O13P,1
C21H18O12,1
C18H23O12P,1
C18H22O14,1
C18H22O14,1
C29H18O6,1
C22H22O11,1
C22H22O11,1
C19H27O11P,1
C19H26O13,1
C19H26O13,1
C22H26N2O7S,1
C30H22O5,1
C23H26O10,1
C20H30O10S,1
C20H31O10P,1
C20H30O12,1
C20H30O12,1
C31H26O4,1
C24H30O9,1
C21H34O9S,1
C15H34N4O12,1
C25H34O8,1
C22H39O8P,1
C26H38O7,1
C23H43O7P,1
C20H17NO12,1
C21H21NO9S,1
C30H13N3O3,1
C21H21NO11,1
C21H21NO11,1
C22H25NO10,1
C22H25NO10,1
C25H25N3O4S,1
C32H21N3O,1
C19H29NO12,1
C23H29NO9,1
C20H33NO11,1
C20H16O13,1
C20H16O13,1
C28H17O3PS,1
C24H17O8P,1
C14H16N4O14,1
C17H21O13P,1
C22H17N4O6P,1
C20H20N2O9S,1
C28H16O7,1
C21H20O12,1
C18H25O12P,1
C31H16N2O3,1
C23H29O4PS2,1
C29H20O6,1
C22H24O11,1
C19H29O11P,1
C13H28N4O14,1
C24H33O3PS2,1
C22H28N2O7S,1
C30H24O5,1
C30H24O5,1
C23H28O10,1
C20H33O10P,1
C25H29N4O3P,1
C23H32N2O6S,1
C24H32O9,1
C21H37O9P,1
C26H41OPS2,1
C25H36O8,1
C22H41O8P,1
C26H40O7,1
C20H19NO12,1
C20H19NO12,1
C17H24NO12P,1
C21H23NO11,1
C24H23N3O5S,1
C20H23N3O10,1
C19H31NO12,1
C23H31NO9,1
C23H31NO9,1
C20H18O13,1
C28H19O3PS,1
C17H23O13P,1
C25H23O5PS,1
C22H27O5PS2,1
C28H18O7,1
C21H22O12,1
C20H22N2O11,1
C18H27O12P,1
C22H26O9S,1
C14H31N2O11PS,1
C22H26O11,1
C19H31O11P,1
C13H30N4O14,1
C23H30O10,1
C20H35O10P,1
C27H34N2OS2,1
C24H35O7P,1
C24H34O9,1
C25H38O8,1
C25H38O8,1
C27H46O4S,1
C19H17NO13,1
C20H21NO12,1
C20H21NO12,1
C21H25NO11,1
C31H21N3O2,1
C15H17O15P,1
C32H8N2O3,1
C19H16O14,1
C19H16O14,1
C16H21O14P,1
C24H12N4O7,1
C12H25N2O13PS,1
C31H16O3S,1
C20H20O13,1
C24H20O10,1
C32H20O2S,1
C21H24O12,1
C21H28N2O6S2,1
C29H24O4S,1
C25H24O9,1
C25H24O9,1
C23H24N4O5S,1
C22H29O9P,1
C22H28O11,1
C22H32N2O5S2,1
C30H28O3S,1
C26H28O8,1
C26H28O8,1
C23H33O8P,1
C23H32O10,1
C24H37O7P,1
C24H36O9,1
C25H40O8,1
C23H49O7P,1
C19H19NO13,1
C20H23NO12,1
C13H14N2O13S2,1
C23H7N2O8P,1
C22H6N4O7S,1
C26H6N4O6,1
C22H14O12,1
C13H18N4O13S,1
C19H18O14,1
C22H19N2O6PS,1
C16H23O14P,1
C23H18O11,1
C23H18O11,1
C31H18O3S,1
C20H23O11P,1
C20H22O13,1
C25H19N4O4P,1
C19H22N2O12,1
C28H22O5S,1
C24H22O10,1
C24H22O10,1
C23H23N2O7P,1
C21H27O10P,1
C21H26O12,1
C24H26N2O6S,1
C32H22O4,1
C32H22O4,1
C25H26O9,1
C25H26O9,1
C22H30O9S,1
C22H31O9P,1
C22H30O11,1
C33H26O3,1
C26H30O8,1
C23H35O8P,1
C23H34O10,1
C26H35N2O2PS,1
C27H34O7,1
C27H38N2OS2,1
C24H38O9,1
C27H39N2OPS,1
C22H17NO11,1
C23H21NO10,1
C24H25NO9,1
C21H29NO11,1
C22H33NO10,1
C18H16O15,1
C22H16O12,1
C22H16O12,1
C23H20O7S2,1
C23H12N4O8,1
C19H21O12P,1
C19H20O14,1
C23H20O11,1
C23H20O11,1
C20H25O11P,1
C20H24O13,1
C31H20O5,1
C24H24O10,1
C24H24O10,1
C21H29O10P,1
C21H28O12,1
C32H24O4,1
C25H28O9,1
C25H28O9,1
C22H32O9S,1
C22H32O9S,1
C22H33O9P,1
C22H32O11,1
C27H29N4O2P,1
C33H28O3,1
C26H32O8,1
C23H37O8P,1
C23H36O10,1
C24H41O7P,1
C22H19NO11,1
C22H19NO11,1
C18H24N3O8PS,1
C23H23NO10,1
C23H23NO10,1
C26H24N3O2PS,1
C24H28NO5PS,1
C14H27N5O13,1
C24H27NO9,1
C25H31NO4S2,1
C15H6O14S2,1
C21H14O13,1
C31H11N2O2P,1
C31H10N2O4,1
C18H18O15,1
C21H19N2O7PS,1
C22H18O12,1
C25H19N2O4PS,1
C19H22O14,1
C30H18O6,1
C23H22O11,1
C20H27O11P,1
C20H26O13,1
C31H22O5,1
C24H26O10,1
C21H31O10P,1
C21H30O12,1
C32H26O4,1
C25H30O9,1
C22H34O9S,1
C22H35O9P,1
C22H34O11,1
C26H34O8,1
C23H39O8P,1
C27H38O7,1
C28H43O4P,1
C27H13N3O2S2,1
C21H17NO12,1
C18H21NO14,1
C22H21NO11,1
C22H21NO11,1
C19H26NO11P,1
C15H29N3O12S,1
C23H25NO10,1
C23H25NO10,1
C24H29NO5S2,1
C22H26N3O7P,1
C26H25N3O4S,1
C24H29NO9,1
C20H4N4O11,1
C21H16O13,1
C21H16O13,1
C22H20O8S2,1
C18H21O13P,1
C19H25O8PS2,1
C18H20O15,1
C22H20O12,1
C19H25O12P,1
C19H24O14,1
C19H24O14,1
C23H24O11,1
C20H29O11P,1
C20H28O13,1
C24H28O10,1
C21H33O10P,1
C21H32O12,1
C26H37O2PS2,1
C32H28O4,1
C25H32O9,1
C22H37O9P,1
C26H36O8,1
C26H36O8,1
C23H41O8P,1
C27H40O7,1
C21H19NO12,1
C21H19NO12,1
C15H19N5O13,1
C22H23NO11,1
C22H23NO11,1
C30H23NO3S,1
C23H27NO10,1
C26H27N3O4S,1
C27H31N3O3S,1
C21H18O13,1
C25H19O8P,1
C31H14N2O4,1
C21H22N2O9S,1
C29H18O7,1
C22H22O12,1
C26H23O7P,1
C19H27O12P,1
C25H23N2O6P,1
C13H27N4O13P,1
C19H26O14,1
C34H22OS,1
C24H31O4PS2,1
C24H31O4PS2,1
C23H26O11,1
C20H31O11P,1
C24H31O8P,1
C25H35O3PS2,1
C24H30O10,1
C21H35O10P,1
C22H39O5PS2,1
C26H39O2PS2,1
C24H34N2O6S,1
C25H34O9,1
C22H39O9P,1
C26H38O8,1
C20H17NO13,1
C21H21NO12,1
C21H21NO12,1
C14H29N3O13S,1
C24H33NO9,1
C28H34NO4P,1
C20H4N2O9S2,1
C20H16O14,1
C20H16O14,1
C17H21O14P,1
C21H20O13,1
C18H25O13P,1
C23H29O5PS2,1
C29H20O7,1
C22H24O12,1
C21H24N2O11,1
C13H28N4O15,1
C23H28O11,1
C21H37O6PS2,1
C24H33O8P,1
C25H37O3PS2,1
C25H29N4O4P,1
C24H32O10,1
C25H37O7P,1
C25H36O9,1
C26H41O6P,1
C26H40O8,1
C26H40O8,1
C20H19NO13,1
C20H19NO13,1
C21H23NO8S2,1
C23H19N3O7S,1
C21H23NO12,1
C27H36N3OPS,1
C25H14N4O5S,1
C14H19N4O13P,1
C20H18O14,1
C20H18O14,1
C28H19O4PS,1
C28H18O6S,1
C24H18O11,1
C25H23O6PS,1
C23H18N2O10,1
C21H22O13,1
C20H22N2O12,1
C29H22O5S,1
C18H27O13P,1
C19H31O8PS2,1
C25H22O10,1
C26H26O5S2,1
C22H26O12,1
C14H31N2O14P,1
C21H26N2O11,1
C19H31O12P,1
C26H26O9,1
C26H26O9,1
C23H31O9P,1
C23H30O11,1
C34H26O3,1
C19H34N2O10S,1
C24H35O8P,1
C24H34O10,1
C25H39O7P,1
C19H39N4O8P,1
C25H38O9,1
C26H43O6P,1
C23H47O8P,1
C37H9NO,1
C20H21NO11S,1
C33H13N3O2,1
C20H21NO13,1
C20H21NO13,1
C14H29NO13S2,1
C24H21NO10,1
C21H25NO12,1
C25H30N3O3PS,1
C23H33NO10,1
C19H16O15,1
C28H12N4O3S,1
C23H16O12,1
C23H16O12,1
C20H21O12P,1
C20H20O14,1
C25H17N4O5P,1
C24H20O11,1
C25H24O6S2,1
C21H25O11P,1
C21H24O13,1
C25H24O10,1
C25H24O10,1
C22H28O10S,1
C18H28O15,1
C18H28O15,1
C22H28O12,1
C33H24O4,1
C26H28O9,1
C26H28O9,1
C23H32O9S,1
C23H33O9P,1
C23H32O11,1
C34H28O3,1
C20H37O11P,1
C21H41O6PS2,1
C27H32O8,1
C24H36O8S,1
C24H37O8P,1
C24H36O10,1
C25H41O7P,1
C25H40O9,1
C15H19NO15S,1
C32H11N3O3,1
C19H19NO14,1
C26H20N3O3PS,1
C14H23N5O14,1
C24H23NO10,1
C25H27NO5S2,1
C35H19NO2,1
C21H27NO12,1
C23H10N4O7S,1
C22H14O13,1
C23H10N4O9,1
C16H22O13S2,1
C19H18O15,1
C19H18O15,1
C23H18O12,1
C23H18O12,1
C20H23O12P,1
C20H22O14,1
C23H22N2O8S,1
C31H18O6,1
C24H22O11,1
C21H27O11P,1
C21H26O13,1
C32H22O5,1
C30H22N4OS,1
C25H26O10,1
C25H26O10,1
C22H30O10S,1
C25H31N2O2PS2,1
C22H30O12,1
C33H26O4,1
C26H30O9,1
C20H38O9S2,1
C23H35O9P,1
C23H34O11,1
C34H30O3,1
C19H38N2O10S,1
C27H34O8,1
C24H39O8P,1
C24H38O10,1
C24H38O10,1
C14H17NO16S,1
C35H9N3O,1
C22H17NO12,1
C23H21NO11,1
C24H25NO10,1
C24H25NO10,1
C21H29NO12,1
C25H30NO7P,1
C26H34NO2PS2,1
C25H29NO9,1
C25H29NO9,1
C22H8N4O8S,1
C22H16O11S,1
C22H16O13,1
C22H16O13,1
C19H21O13P,1
C19H20O15,1
C23H20O12,1
C23H20O12,1
C20H25O12P,1
C20H24O14,1
C31H20O6,1
C24H24O11,1
C21H29O11P,1
C21H28O13,1
C24H28N2O7S,1
C25H28O10,1
C22H32O10S,1
C22H33O10P,1
C22H32O12,1
C26H32O9,1
C23H36O11,1
C26H37N2O3PS,1
C26H36N2O5S,1
C27H36O8,1
C27H40N2O2S2,1
C24H41O8P,1
C23H45N4O5P,1
C26H7N3O8,1
C21H15NO13,1
C19H23NO14,1
C23H23NO11,1
C23H23NO11,1
C26H23N3O5S,1
C24H28NO6PS,1
C22H23N3O10,1
C20H27NO13,1
C24H27NO10,1
C27H28N3O2PS,1
C25H31NO5S2,1
C35H23NO2,1
C21H31NO12,1
C25H31NO9,1
C17H36N3O11P,1
C22H35NO11,1
C22H35NO11,1
C31H7O5P,1
C22H18O13,1
C22H18O13,1
C32H14N2O4,1
C19H22O15,1
C19H22O15,1
C31H22O2S2,1
C23H22O12,1
C23H22O12,1
C20H26O14,1
C20H26O14,1
C31H22O6,1
C24H26O11,1
C21H31O11P,1
C21H30O13,1
C21H30O13,1
C32H26O5,1
C25H30O10,1
C22H35O10P,1
C35H26N2O,1
C27H39O2PS2,1
C33H30O4,1
C26H34O9,1
C23H39O9P,1
C27H38O8,1
C35H13N3O,1
C22H21NO12,1
C22H21NO12,1
C19H25NO14,1
C19H25NO14,1
C23H25NO11,1
C23H25NO11,1
C17H33NO11S2,1
C23H30N3O5PS,1
C24H29NO10,1
C24H29NO10,1
C16H34N3O12P,1
C34H8N2O3,1
C21H16O14,1
C18H21O14P,1
C22H20O13,1
C19H25O13P,1
C22H24N2O9S,1
C30H20O7,1
C23H24O12,1
C20H29O12P,1
C25H33O4PS2,1
C24H28O11,1
C26H37O3PS2,1
C25H32O10,1
C26H37O7P,1
C27H41O2PS2,1
C27H33N4O3P,1
C26H36O9,1
C27H40O8,1
C18H8NO12PS,1
C21H19NO13,1
C21H19NO13,1
C22H23NO12,1
C22H23NO12,1
C22H27N3O8S,1
C23H27NO11,1
C26H27N3O5S,1
C20H31NO13,1
C20H31NO13,1
C24H31NO10,1
C24H31NO10,1
C28H36N3OPS,1
C29H7N2O3PS,1
C21H18O14,1
C21H18O14,1
C18H23O14P,1
C22H22O13,1
C19H27O13P,1
C23H26O10S,1
C26H26N2O4S2,1
C23H27O10P,1
C24H31O5PS2,1
C31H26O2S2,1
C23H26O12,1
C24H30O9S,1
C14H30N4O15,1
C25H35O4PS2,1
C24H30O11,1
C25H35O8P,1
C25H34O10,1
C26H39O7P,1
C26H38O9,1
C23H43O9P,1
C27H43O6P,1
C20H17NO14,1
C21H21NO13,1
C24H21N3O7S,1
C18H25NO15,1
C16H37N3O12S,1
C18H12N2O11S2,1
C20H16O15,1
C28H16O7S,1
C21H20O14,1
C18H25O14P,1
C25H20O11,1
C28H21N2O3PS,1
C22H25O11P,1
C35H16N2O2,1
C22H24O13,1
C21H24N2O12,1
C20H33O8PS2,1
C26H24O10,1
C23H28O10S,1
C23H28O12,1
C21H37O7PS2,1
C27H28O9,1
C27H28O9,1
C30H29N2OPS,1
C24H32O9S,1
C27H33N2OPS2,1
C24H33O9P,1
C24H32O11,1
C22H41O6PS2,1
C25H37O8P,1
C25H36O10,1
C26H41O7P,1
C26H40O9,1
C23H44O11,1
C31H45O3P,1
C21H23NO13,1
C18H27NO13S,1
C28H24N3O2PS,1
C22H27NO12,1
C22H27NO12,1
C23H31NO11,1
C34H28NOP,1
C17H10N2O14S,1
C25H6O12,1
C33H10N2O4,1
C20H18O15,1
C37H10N2O,1
C24H18O12,1
C27H19N2O4PS,1
C34H14N2OS,1
C15H23N4O13P,1
C25H22O11,1
C28H23N2O3PS,1
C22H26O13,1
C33H22O5,1
C26H26O10,1
C27H30O5S2,1
C19H30O15,1
C19H30O15,1
C23H30O12,1
C34H26O4,1
C34H26O4,1
C27H30O9,1
C27H30O9,1
C27H35N2OPS2,1
C24H35O9P,1
C24H34O11,1
C35H30O3,1
C20H38N2O10S,1
C28H34O8,1
C25H38O10,1
C25H38O10,1
C29H38O7,1
C29H42N2OS2,1
C26H43O7P,1
C27H47O6P,1
C27H18NO5PS,1
C38H13NO,1
C27H21N3O3S2,1
C24H21NO11,1
C27H22N3O3PS,1
C21H25NO13,1
C25H25NO10,1
C22H29NO12,1
C25H29N3O8,1
C24H37NO10,1
C24H12N4O7S,1
C23H16O13,1
C23H16O13,1
C20H21O13P,1
C14H21N4O14P,1
C20H20O15,1
C20H20O15,1
C25H16N4O8,1
C28H21O7P,1
C21H25O12P,1
C21H24O14,1
C19H33O9PS2,1
C17H28N2O13S,1
C25H24O11,1
C25H24O11,1
C22H28O13,1
C26H28O10,1
C26H28O10,1
C27H32O5S2,1
C23H32O12,1
C27H32O9,1
C30H33N2OPS,1
C24H37O9P,1
C24H36O11,1
C24H36O11,1
C35H32O3,1
C28H36O8,1
C28H36O8,1
C25H41O8P,1
C25H40O10,1
C15H19NO16S,1
C15H19NO16S,1
C18H20N3O12P,1
C23H19NO12,1
C23H19NO12,1
C26H20N3O4PS,1
C16H23NO17,1
C16H23NO17,1
C26H19N3O6S,1
C24H24NO9P,1
C24H23NO11,1
C24H23NO11,1
C35H19NO3,1
C21H27NO13,1
C25H27NO10,1
C25H27NO10,1
C28H28N3O2PS,1
C22H31NO12,1
C25H31N3O8,1
C23H35NO11,1
C23H18O13,1
C23H18O13,1
C20H23O13P,1
C24H22O10S,1
C20H22O15,1
C17H26O15S,1
C31H18O7,1
C24H22O12,1
C21H27O12P,1
C21H26O14,1
C24H26N2O8S,1
C25H26O11,1
C22H31O11P,1
C22H30O13,1
C25H30N2O7S,1
C26H30O10,1
C20H38O10S2,1
C23H34O12,1
C26H35N2O4PS,1
C26H35N2O4PS,1
C34H30O4,1
C27H34O9,1
C24H38O11,1
C28H38O8,1
C15H21NO18,1
C15H21NO18,1
C23H21NO12,1
C24H25NO7S2,1
C16H29N3O13S,1
C24H25NO11,1
C24H25NO11,1
C27H25N3O5S,1
C25H30NO6PS,1
C23H25N3O10,1
C25H29NO10,1
C24H29N3O9,1
C22H33NO12,1
C22H33NO12,1
C23H37NO11,1
C32H9O5P,1
C22H16O14,1
C19H21O14P,1
C23H20O11S,1
C19H20O16,1
C23H20O13,1
C23H20O13,1
C16H24O18,1
C20H24O15,1
C20H24O15,1
C31H20O7,1
C24H24O12,1
C24H24O12,1
C21H29O12P,1
C21H28O14,1
C21H28O14,1
C25H28O11,1
C22H32O11S,1
C22H33O11P,1
C26H32O10,1
C23H37O10P,1
C36H28N2O,1
C23H36O12,1
C34H32O4,1
C27H36O9,1
C24H41O9P,1
C28H40O8,1
C28H40O8,1
C19H23NO15,1
C23H23NO12,1
C23H23NO12,1
C15H28N3O14P,1
C22H23N3O11,1
C20H27NO14,1
C24H27NO11,1
C24H27NO11,1
C25H31NO6S2,1
C27H27N3O5S,1
C16H32N3O13P,1
C25H31NO10,1
C25H31NO10,1
C28H31N3O4S,1
C22H18O14,1
C22H18O14,1
C19H23O14P,1
C30H18O8,1
C23H22O13,1
C31H22O7,1
C24H26O12,1
C21H30O14,1
C26H35O4PS2,1
C26H35O4PS2,1
C32H26O6,1
C25H30O11,1
C26H35O8P,1
C27H39O3PS2,1
C26H34O10,1
C24H43O5PS2,1
C27H38O9,1
C28H42O8,1
C25H47O8P,1
C22H21NO13,1
C22H21NO13,1
C23H25NO12,1
C23H25NO12,1
C20H29NO14,1
C24H29NO11,1
C24H29NO11,1
C27H29N3O5S,1
C22H20O14,1
C19H25O14P,1
C22H24N2O10S,1
C30H20O8,1
C23H24O13,1
C24H29O10P,1
C25H33O5PS2,1
C25H33O5PS2,1
C23H28N2O9S,1
C21H33O10PS,1
C24H28O12,1
C25H33O9P,1
C25H32O11,1
C22H37O11P,1
C26H37O8P,1
C26H36O10,1
C27H41O7P,1
C27H40O9,1
C21H19NO14,1
C22H23NO13,1
C27H32N3O3PS,1
C28H35N3O4S,1
C21H18O15,1
C21H18O15,1
C25H18O12,1
C36H15O2P,1
C24H18N2O11,1
C33H18O4S,1
C22H22O14,1
C26H23O9P,1
C26H22O11,1
C23H26O13,1
C22H26N2O12,1
C20H31O13P,1
C21H35O8PS2,1
C27H26O10,1
C24H30O10S,1
C24H30O12,1
C29H26N4O5,1
C25H35O9P,1
C25H34O11,1
C16H38N4O14,1
C26H38O10,1
C27H43O7P,1
C27H42O9,1
C27H42O9,1
C24H46O11,1
C21H21NO14,1
C28H22N3O3PS,1
C22H25NO13,1
C23H29NO12,1
C27H34N3O3PS,1
C25H37NO10,1
C19H4N4O12S,1
C21H20O15,1
C38H12N2O,1
C25H20O12,1
C25H20O12,1
C22H25O12P,1
C35H16N2O3,1
C22H24O14,1
C27H21N4O5P,1
C19H29O14P,1
C18H28N2O13S,1
C26H24O11,1
C26H24O11,1
C37H21OP,1
C23H29O11P,1
C23H28O13,1
C34H24O5,1
C27H28O10,1
C27H28O10,1
C24H32O10S,1
C24H33O10P,1
C24H32O12,1
C35H28O4,1
C35H28O4,1
C28H32O9,1
C28H32O9,1
C29H36O4S2,1
C25H37O9P,1
C25H36O11,1
C26H41O8P,1
C26H40O10,1
C26H40O10,1
C27H45O7P,1
C39H15NO,1
C36H19NOS,1
C25H23NO11,1
C36H20NOP,1
C22H27NO13,1
C26H27NO10,1
C25H27N3O9,1
C23H31NO12,1
C24H35NO11,1
C25H39NO10,1
C23H14O14,1
C25H14N4O7S,1
C20H18O16,1
C24H18O13,1
C27H19N2O5PS,1
C23H18N2O12,1
C21H23O13P,1
C15H23N4O14P,1
C21H22O15,1
C21H22O15,1
C17H26N2O14S,1
C26H18N4O8,1
C29H23O7P,1
C22H27O12P,1
C22H26O14,1
C26H26O11,1
C26H26O11,1
C23H31O11P,1
C23H30O13,1
C27H30O10,1
C27H30O10,1
C24H35O10P,1
C24H34O12,1
C35H30O4,1
C25H39O7PS,1
C28H34O9,1
C31H35N2OPS,1
C25H39O9P,1
C25H38O11,1
C25H38O11,1
C29H38O8,1
C26H43O8P,1
C38H13NO2,1
C24H21NO12,1
C17H25NO17,1
C17H25NO17,1
C25H25NO11,1
C25H25NO11,1
C26H29NO6S2,1
C24H25N3O10,1
C26H29NO10,1
C25H29N3O9,1
C23H33NO12,1
C24H12N4O8S,1
C23H16O14,1
C24H20O9S2,1
C14H21N4O15P,1
C20H20O16,1
C24H20O13,1
C24H20O13,1
C28H21O8P,1
C28H25N2O2PS2,1
C21H24O15,1
C32H20O7,1
C25H24O12,1
C22H28O14,1
C22H28O14,1
C26H28O11,1
C26H28O11,1
C23H33O11P,1
C23H32O13,1
C26H32N2O7S,1
C27H32O10,1
C24H37O10P,1
C24H36O12,1
C24H36O12,1
C35H32O4,1
C28H36O9,1
C28H36O9,1
C25H41O9P,1
C26H45O4PS2,1
C29H40O8,1
C26H45O8P,1
C15H19NO17S,1
C23H19NO13,1
C16H23NO18,1
C33H15N3O4,1
C25H28NO5PS2,1
C24H23NO12,1
C21H27NO14,1
C25H27NO11,1
C36H23NO3,1
C24H27N3O10,1
C25H32N3O5PS,1
C26H31NO10,1
C26H31NO10,1
C29H31N3O4S,1
C23H35NO12,1
C23H10N4O9S,1
C33H11O5P,1
C24H14N4O8S,1
C23H18O14,1
C23H18O14,1
C20H23O14P,1
C24H22O11S,1
C20H22O16,1
C24H22O13,1
C21H26O15,1
C21H26O15,1
C32H22O7,1
C33H26O2S2,1
C25H26O12,1
C22H30O14,1
C22H30O14,1
C34H30OS2,1
C22H34N2O8S2,1
C26H30O11,1
C23H34O13,1
C27H34O10,1
C24H39O10P,1
C28H38O9,1
C28H38O9,1
C25H43O9P,1
C29H42O8,1
C30H47O5P,1
C30H47O5P,1
C15H21NO17S,1
C23H21NO13,1
C20H25NO15,1
C24H25NO12,1
C24H25NO12,1
C27H26N3O4PS,1
C23H25N3O11,1
C21H29NO14,1
C21H29NO14,1
C25H29NO11,1
C25H29NO11,1
C28H29N3O5S,1
C22H33NO13,1
C26H33NO10,1
C26H33NO10,1
C25H33N3O9,1
C22H16O11S2,1
C23H20O14,1
C23H20O14,1
C20H25O14P,1
C21H29O9PS2,1
C20H24O16,1
C20H29N2O8PS2,1
C37H16N2O2,1
C24H24O13,1
C25H28O12,1
C33H28O6,1
C23H37O9PS,1
C21H32N2O13,1
C26H32O11,1
C27H37O8P,1
C27H36O10,1
C24H41O10P,1
C28H41O7P,1
C28H41O7P,1
C28H40O9,1
C31H41N2OPS,1
C23H23NO13,1
C23H23NO13,1
C26H23N3O7S,1
C20H27NO15,1
C24H27NO12,1
C24H27NO12,1
C27H27N3O6S,1
C35H23NO4,1
C21H31NO14,1
C25H31NO11,1
C25H31NO11,1
C28H31N3O5S,1
C17H36N3O13P,1
C26H35NO10,1
C31H7O7P,1
C22H18O15,1
C25H19N2O7PS,1
C27H23O7PS,1
C23H22O14,1
C20H27O14P,1
C21H31O9PS2,1
C32H26O3S2,1
C24H26O13,1
C22H35O8PS2,1
C25H31O10P,1
C25H30O12,1
C23H39O7PS2,1
C29H30O9,1
C27H39O4PS2,1
C26H34O11,1
C27H39O8P,1
C27H39O8P,1
C27H38O10,1
C31H42N2OS2,1
C28H43O7P,1
C28H42O9,1
C28H42O9,1
C29H47O6P,1
C22H21NO14,1
C23H25NO13,1
C23H25NO13,1
C25H33NO11,1
C22H20O15,1
C22H20O15,1
C23H24O14,1
C20H29O14P,1
C38H21OP,1
C38H21OP,1
C24H28O13,1
C23H28N2O12,1
C22H37O8PS2,1
C25H33O10P,1
C25H32O12,1
C26H37O9P,1
C26H36O11,1
C27H41O8P,1
C27H40O10,1
C30H41N2O2PS,1
C28H45O7P,1
C22H23NO14,1
C26H24NO9P,1
C23H27NO13,1
C24H31NO12,1
C27H31N3O6S,1
C28H35N3O5S,1
C21H18O16,1
C22H22O15,1
C22H22O15,1
C26H22O12,1
C29H23N2O4PS,1
C24H31O7PS2,1
C23H26O14,1
C23H26O14,1
C27H26O11,1
C30H27N2O3PS,1
C38H23OP,1
C24H30O13,1
C28H30O10,1
C29H34O5S2,1
C25H35O10P,1
C25H34O12,1
C29H34O9,1
C26H39O9P,1
C26H38O11,1
C29H39N2O3PS,1
C27H43O8P,1
C27H42O10,1
C27H42O10,1
C28H47O7P,1
C25H51O9P,1
C22H25NO14,1
C23H29NO13,1
C23H29NO13,1
C21H20O16,1
C25H20O13,1
C16H25N4O14P,1
C22H24O15,1
C22H24O15,1
C26H24O12,1
C23H28O14,1
C23H28O14,1
C16H37N2O11PS2,1
C27H28O11,1
C27H28O11,1
C24H33O11P,1
C24H32O13,1
C35H28O5,1
C28H32O10,1
C28H32O10,1
C21H36O15,1
C25H36O12,1
C28H36N2O6S,1
C29H36O9,1
C26H41O9P,1
C26H40O11,1
C27H45O8P,1
C27H45O8P,1
C21H23NO15,1
C39H15NO2,1
C28H24N3O4PS,1
C22H27NO14,1
C26H31N3O7S,1
C24H35NO12,1
C24H18O14,1
C25H22O9S2,1
C15H23N4O15P,1
C21H22O16,1
C24H23N2O8PS,1
C25H22O13,1
C25H22O13,1
C23H31O8PS2,1
C22H26O15,1
C26H26O12,1
C26H26O12,1
C23H30O14,1
C27H30O11,1
C27H30O11,1
C24H35O11P,1
C24H34O13,1
C24H34O13,1
C35H30O5,1
C35H30O5,1
C28H34O10,1
C28H34O10,1
C31H35N2O2PS,1
C21H38O15,1
C21H38O15,1
C25H39O10P,1
C25H38O12,1
C25H38O12,1
C29H38O9,1
C26H43O9P,1
C30H42O8,1
C24H21NO13,1
C17H25NO18,1
C21H25NO15,1
C22H29NO14,1
C22H29NO14,1
C27H33NO6S2,1
C38H29NO2,1
C24H37NO12,1
C14H21N4O16P,1
C20H20O17,1
C16H24N2O16S,1
C24H20O14,1
C25H24O9S2,1
C22H29O9PS2,1
C21H24O16,1
C24H25N2O8PS,1
C25H24O13,1
C22H28O15,1
C22H28O15,1
C34H28O2S2,1
C26H28O12,1
C23H32O14,1
C23H32O14,1
C34H28O6,1
C27H32O11,1
C24H37O11P,1
C24H36O13,1
C35H32O5,1
C28H36O10,1
C25H41O10P,1
C29H40O9,1
C29H40O9,1
C30H44O8,1
C27H48O8S,1
C37H11NO4,1
C24H23NO13,1
C34H19N3O4,1
C25H27NO12,1
C25H27NO12,1
C30H32NO2PS2,1
C22H31NO14,1
C26H31NO11,1
C27H36NO6PS,1
C30H35N3O4S,1
C28H39NO9,1
C23H18O15,1
C24H22O14,1
C24H22O14,1
C22H31O9PS2,1
C21H26O16,1
C25H26O13,1
C25H30N2O9S,1
C26H30O12,1
C24H39O7PS2,1
C34H30O6,1
C27H34O11,1
C24H39O11P,1
C20H43N2O10PS,1
C28H38O10,1
C25H43O10P,1
C29H42O9,1
C29H42O9,1
C23H21NO14,1
C24H25NO13,1
C24H25NO13,1
C27H25N3O7S,1
C35H21NO5,1
C21H29NO15,1
C25H29NO12,1
C25H29NO12,1
C28H29N3O6S,1
C26H33NO11,1
C29H33N3O5S,1
C27H37NO10,1
C26H21N2O5PS2,1
C23H20O15,1
C23H20O15,1
C23H20O15,1
C28H25O7PS,1
C28H25O7PS,1
C24H24O14,1
C29H28O6S2,1
C33H28O3S2,1
C25H28O13,1
C27H37O5PS2,1
C26H32O12,1
C27H36O11,1
C28H41O8P,1
C28H41O8P,1
C28H40O10,1
C29H45O7P,1
C29H45O7P,1
C29H44O9,1
C29H44O9,1
C26H49O9P,1
C23H23NO14,1
C26H24N3O6PS,1
C24H27NO13,1
C23H27N3O12,1
C25H31NO12,1
C28H31N3O6S,1
C26H35NO11,1
C29H36N3O3PS,1
C29H35N3O5S,1
C21H39N5O11,1
C23H22O15,1
C23H22O15,1
C20H27O15P,1
C21H23N4O11P,1
C30H23N2O4PS,1
C24H26O14,1
C21H31O14P,1
C25H30O11S,1
C26H35O6PS2,1
C25H30O13,1
C23H39O8PS2,1
C27H39O5PS2,1
C26H34O12,1
C27H39O9P,1
C27H38O11,1
C28H43O8P,1
C29H47O3PS2,1
C28H42O10,1
C31H43N2O2PS,1
C29H47O7P,1
C23H25NO14,1
C19H30N3O11PS,1
C24H29NO13,1
C25H33NO12,1
C29H34NO7P,1
C26H37NO11,1
C22H20O16,1
C23H24O11S2,1
C26H20O13,1
C36H16N2O4,1
C23H24O15,1
C23H24O15,1
C40H16N2O,1
C27H24O12,1
C30H25N2O4PS,1
C24H28O14,1
C28H28O11,1
C28H28O11,1
C25H33O11P,1
C25H32O13,1
C25H32O13,1
C36H28O5,1
C29H32O10,1
C26H36O12,1
C29H36N2O6S,1
C37H32O4,1
C27H41O9P,1
C17H40N4O15,1
C27H40O11,1
C27H40O11,1
C28H45O8P,1
C29H49O7P,1
C36H19N3O3,1
C23H27NO14,1
C24H31NO13,1
C25H35NO12,1
C25H35NO12,1
C29H18O7S2,1
C25H18O14,1
C28H19N2O6PS,1
C22H22O16,1
C23H26O11S2,1
C39H14N2O2,1
C26H22O13,1
C29H23N2O5PS,1
C16H31O16PS,1
C24H31O8PS2,1
C23H26O15,1
C26H27N2O7PS,1
C27H26O12,1
C28H30O7S2,1
C24H30O14,1
C35H26O6,1
C17H39N2O11PS2,1
C28H30O11,1
C29H26N4O7,1
C25H35O11P,1
C25H34O13,1
C36H30O5,1
C29H34O10,1
C30H38O5S2,1
C16H38N4O16,1
C26H38O12,1
C29H39N2O4PS,1
C33H39N2OPS,1
C27H43O9P,1
C27H42O11,1
C28H47O8P,1
C22H25NO15,1
C27H30NO5PS2,1
C25H25N3O11,1
C23H29NO14,1
C29H38NO3PS2,1
C18H25O13PS2,1
C18H25O13PS2,1
C21H20O17,1
C25H20O14,1
C25H20O14,1
C22H25O14P,1
C22H24O16,1
C25H25N2O8PS,1
C26H24O13,1
C26H24O13,1
C23H28O15,1
C27H28O12,1
C27H28O12,1
C24H33O12P,1
C24H32O14,1
C35H28O6,1
C28H32O11,1
C28H32O11,1
C25H36O13,1
C28H36N2O7S,1
C36H32O5,1
C29H36O10,1
C29H36O10,1
C26H41O10P,1
C30H40O9,1
C33H41N2OPS,1
C27H45O9P,1
C22H27NO15,1
C26H27NO12,1
C25H27N3O11,1
C26H31N3O10,1
C24H35NO13,1
C28H40N3O4PS,1
C24H18O15,1
C24H18O15,1
C21H22O17,1
C17H26N2O16S,1
C25H22O14,1
C25H22O14,1
C22H26O16,1
C22H26O16,1
C26H26O13,1
C26H26O13,1
C23H30O15,1
C27H30O12,1
C25H39O7PS2,1
C24H34O14,1
C28H34O11,1
C26H43O6PS2,1
C25H38O13,1
C26H43O8PS,1
C29H38O10,1
C32H39N2O2PS,1
C30H42O9,1
C33H43N2OPS,1
C38H13NO4,1
C24H21NO14,1
C25H25NO13,1
C25H25NO13,1
C26H29NO12,1
C18H34N3O14P,1
C23H33NO14,1
C23H33NO14,1
C24H37NO13,1
C24H12N4O10S,1
C24H20O15,1
C24H20O15,1
C21H25O15P,1
C22H29O10PS2,1
C34H16N2O6,1
C25H24O14,1
C26H28O9S2,1
C23H33O9PS2,1
C22H28O16,1
C18H32N2O15S,1
C26H28O13,1
C26H32N2O9S,1
C35H32O2S2,1
C27H32O12,1
C25H41O7PS2,1
C29H41O4PS2,1
C29H41O4PS2,1
C28H36O11,1
C25H41O11P,1
C29H41O8P,1
C29H40O10,1
C32H41N2O2PS,1
C26H45O10P,1
C30H44O9,1
C33H45N2OPS,1
C17H16N3O16P,1
C24H23NO14,1
C25H27NO13,1
C25H27NO13,1
C26H32NO8PS,1
C26H31NO12,1
C26H31NO12,1
C31H36NO2PS2,1
C27H35NO11,1
C24H22O15,1
C24H22O15,1
C21H27O15P,1
C25H26O14,1
C26H30O13,1
C24H39O8PS2,1
C28H39O5PS2,1
C28H39O5PS2,1
C23H38N2O9S2,1
C23H38N2O9S2,1
C27H34O12,1
C24H39O12P,1
C28H39O9P,1
C29H43O4PS2,1
C28H38O11,1
C29H43O8P,1
C29H43O8P,1
C29H42O10,1
C29H42O10,1
C30H46O9,1
C26H22N3O7PS,1
C16H29N3O16S,1
C29H30NO4PS2,1
C25H29NO13,1
C25H29NO13,1
C26H33NO12,1
C29H33N3O6S,1
C19H41N3O13S,1
C23H20O16,1
C23H20O16,1
C24H24O11S2,1
C24H24O15,1
C39H21O2P,1
C25H28O14,1
C22H33O14P,1
C23H37O9PS2,1
C40H25OP,1
C30H24N4O7,1
C27H37O6PS2,1
C26H32O13,1
C30H32O10,1
C31H36O5S2,1
C27H37O10P,1
C33H33N2O4P,1
C27H36O12,1
C30H37N2O4PS,1
C20H44N2O11S2,1
C28H41O9P,1
C28H41O9P,1
C28H40O11,1
C28H40O11,1
C29H45O8P,1
C29H44O10,1
C29H44O10,1
C32H45N2O2PS,1
C24H27NO14,1
C16H32N3O16P,1
C25H31NO13,1
C28H31N3O7S,1
C29H36N3O4PS,1
C23H22O16,1
C24H26O11S2,1
C27H22O13,1
C28H26O8S2,1
C25H31O8PS2,1
C24H26O15,1
C28H26O12,1
C31H27N2O4PS,1
C25H30O14,1
C26H35O11P,1
C26H34O13,1
C30H34O10,1
C31H38O5S2,1
C20H43O13PS,1
C27H39O10P,1
C27H38O12,1
C18H42N4O15,1
C28H42O11,1
C28H42O11,1
C29H47O8P,1
C28H30NO5PS2,1
C24H29NO14,1
C25H33NO13,1
C28H33N3O7S,1
C29H38N3O4PS,1
C29H49NO5S2,1
C15H28N2O16S2,1
C23H24O16,1
C27H24O13,1
C30H25N2O5PS,1
C24H28O15,1
C28H28O12,1
C39H25O2P,1
C26H37O7PS2,1
C25H32O14,1
C36H28O6,1
C37H32OS2,1
C29H32O11,1
C30H36O6S2,1
C26H37O11P,1
C26H36O13,1
C37H32O5,1
C30H36O10,1
C31H40O5S2,1
C27H40O12,1
C30H41N2O4PS,1
C38H36O4,1
C28H45O9P,1
C29H49O6PS,1
C29H49O8P,1
C38H52O3,1
C23H27NO15,1
C24H31NO14,1
C24H31NO14,1
C29H36NO4PS2,1
C38H27N3O2,1
C26H39NO12,1
C26H39NO12,1
C22H22O17,1
C26H22O14,1
C29H23N2O6PS,1
C24H31O9PS2,1
C23H26O16,1
C26H27N2O8PS,1
C27H26O13,1
C30H27N2O5PS,1
C24H30O15,1
C27H31N2O7PS,1
C35H26O7,1
C17H39N2O12PS2,1
C28H30O12,1
C29H34O7S2,1
C25H34O14,1
C37H34OS2,1
C29H34O11,1
C30H38O6S2,1
C16H38N4O17,1
C26H38O13,1
C29H39N2O5PS,1
C37H34O5,1
C30H38O10,1
C33H39N2O2PS,1
C27H43O10P,1
C27H42O12,1
C28H47O9P,1
C29H51O4PS2,1
C29H51O8P,1
C31H17N3O6S,1
C18H25NO17S,1
C17H25N3O16S,1
C25H21NO14,1
C31H30NO3PS2,1
C18H29N3O17,1
C23H29NO15,1
C23H29NO15,1
C19H33N3O14S,1
C27H29NO12,1
C19H34N3O14P,1
C26H29N3O11,1
C24H33NO14,1
C29H38NO4PS2,1
C27H33N3O8S,1
C28H33NO11,1
C29H37NO6S2,1
C29H38NO6PS,1
C38H29N3O2,1
C27H45NO7S2,1
C32H37N3O6,1
C27H49N3O5S2,1
C36H65NO3,1
C35H13O6P,1
C15H29O16PS2,1
C21H25N2O10PS2,1
C25H20O15,1
C22H24O17,1
C26H24O14,1
C29H25N2O6PS,1
C24H33O9PS2,1
C27H28O11S,1
C23H28O16,1
C26H29N2O8PS,1
C25H37O8PS2,1
C24H32O15,1
C27H33N2O7PS,1
C35H28O7,1
C36H32O2S2,1
C28H32O12,1
C31H33N2O4PS,1
C15H36N4O18,1
C26H41O7PS2,1
C28H37N2O6PS,1
C37H36OS2,1
C29H36O11,1
C32H37N2O3PS,1
C22H40O16,1
C25H41N2O8PS,1
C27H45O6PS2,1
C30H40O10,1
C33H41N2O2PS,1
C34H45N2OPS,1
C17H23NO18S,1
C26H27NO13,1
C28H35NO7S2,1
C25H14N4O10S,1
C24H18O16,1
C27H19N2O8PS,1
C35H15O6P,1
C25H22O15,1
C25H22O15,1
C36H19O5P,1
C22H27O15P,1
C26H26O14,1
C26H26O14,1
C27H30O9S2,1
C24H35O9PS2,1
C35H30O3S2,1
C27H30O13,1
C35H30O7,1
C25H39O10PS,1
C28H34O12,1
C25H39O12P,1
C29H38O11,1
C26H43O11P,1
C30H42O10,1
C33H43N2O2PS,1
C18H18N3O16P,1
C17H29N3O16S,1
C26H29NO13,1
C26H29NO13,1
C25H29N3O12,1
C27H33NO12,1
C27H33NO12,1
C28H37NO7S2,1
C38H29NO4,1
C24H20O16,1
C25H24O15,1
C26H28O10S2,1
C19H33O15PS,1
C26H28O14,1
C24H37O9PS2,1
C27H32O13,1
C25H41O8PS2,1
C39H32O2S,1
C29H41O5PS2,1
C28H36O12,1
C29H40O11,1
C32H41N2O3PS,1
C30H44O10,1
C30H44O10,1
C24H23NO15,1
C25H27NO14,1
C26H31NO13,1
C26H31NO13,1
C31H36NO3PS2,1
C19H39N3O14S,1
C27H35NO12,1
C32H40NO2PS2,1
C33H44NOPS2,1
C24H22O16,1
C24H22O16,1
C25H26O11S2,1
C25H26O15,1
C26H30O14,1
C27H34O13,1
C28H38O12,1
C21H46N2O11S2,1
C29H43O9P,1
C29H42O11,1
C32H43N2O3PS,1
C30H47O8P,1
C33H47N2O2PS,1
C34H63O4P,1
C24H25NO15,1
C25H29NO14,1
C26H33NO9S2,1
C26H33NO13,1
C27H37NO8S2,1
C27H37NO8S2,1
C29H33N3O7S,1
C27H37NO12,1
C30H38N3O4PS,1
C24H24O16,1
C27H25N2O8PS,1
C31H25N2O5PS,1
C29H29O8PS,1
C29H29O8PS,1
C25H28O15,1
C26H32O14,1
C31H36O6S2,1
C28H41O6PS2,1
C27H36O13,1
C28H40O10S,1
C28H41O10P,1
C28H40O12,1
C31H41N2O4PS,1
C29H45O9P,1
C29H44O11,1
C32H45N2O3PS,1
C30H49O8P,1
C27H52O12,1
C34H65O2PS,1
C24H27NO15,1
C25H31NO14,1
C25H31NO14,1
C30H36NO4PS2,1
C26H35NO13,1
C27H39NO12,1
C23H22O17,1
C24H26O12S2,1
C27H22O14,1
C24H26O16,1
C28H26O13,1
C39H23O3P,1
C25H30O15,1
C25H30O15,1
C29H30O12,1
C29H30O12,1
C40H27O2P,1
C26H34O14,1
C26H34O14,1
C30H34O11,1
C31H38O6S2,1
C27H39O11P,1
C27H38O13,1
C27H38O13,1
C38H34O5,1
C28H43O10P,1
C18H42N4O16,1
C28H42O12,1
C28H42O12,1
C31H42N2O8,1
C29H47O9P,1
C21H33NO13S2,1
C24H29NO15,1
C28H29NO12,1
C25H33NO14,1
C25H33NO14,1
C26H37NO9S2,1
C26H37NO13,1
C23H24O17,1
C21H33O12PS2,1
C16H32N2O16S2,1
C24H29O14P,1
C16H32N2O18S,1
C24H28O16,1
C27H29N2O8PS,1
C28H28O13,1
C28H28O13,1
C26H37O8PS2,1
C25H32O15,1
C28H33N2O7PS,1
C17H37N2O17P,1
C36H28O7,1
C37H32O2S2,1
C29H32O12,1
C30H36O7S2,1
C26H36O14,1
C37H32O6,1
C30H36O11,1
C31H40O6S2,1
C31H40O6S2,1
C17H40N4O17,1
C27H40O13,1
C30H41N2O5PS,1
C31H40O10,1
C39H40O4,1
C29H49O9P,1
C30H53O4PS2,1
C29H19NO10S,1
C21H24N3O12PS,1
C24H31NO15,1
C25H35NO14,1
C26H39NO13,1
C24H18N2O15,1
C32H19N2O7P,1
C26H22O15,1
C23H26O15S,1
C27H26O14,1
C27H26O14,1
C20H30O19,1
C25H35O9PS2,1
C24H30O16,1
C28H30O13,1
C29H34O8S2,1
C26H39O8PS2,1
C26H39O8PS2,1
C28H35N2O7PS,1
C37H34O2S2,1
C29H34O12,1
C30H38O7S2,1
C16H38N4O18,1
C27H43O7PS2,1
C26H38O14,1
C38H38OS2,1
C30H38O11,1
C31H42O6S2,1
C28H47O6PS2,1
C31H42O10,1
C34H43N2O2PS,1
C29H51O5PS2,1
C18H25NO18S,1
C19H29NO17S,1
C40H17NO4,1
C26H30N3O8PS,1
C27H29NO13,1
C23H17N2O14P,1
C15H29O17PS2,1
C34H12N2O8,1
C26H24O15,1
C26H24O15,1
C37H21O5P,1
C19H28O20,1
C20H32O15S2,1
C27H28O14,1
C25H37O9PS2,1
C37H24N2O5,1
C36H32O3S2,1
C28H32O13,1
C26H41O8PS2,1
C26H41O10PS,1
C29H36O12,1
C29H36O12,1
C26H41O12P,1
C30H40O11,1
C33H41N2O3PS,1
C31H44O10,1
C38H11NO6,1
C25H23NO15,1
C27H31NO13,1
C30H32N3O5PS,1
C40H35NO3,1
C33H10N2O9,1
C15H23N4O18P,1
C25H22O16,1
C26H26O11S2,1
C36H19O6P,1
C26H26O13S,1
C22H31N2O10PS2,1
C26H26O15,1
C27H30O10S2,1
C27H30O14,1
C28H34O13,1
C29H38O12,1
C32H39N2O4PS,1
C30H42O11,1
C30H42O11,1
C38H13NO6,1
C26H29NO14,1
C24H12N4O12S,1
C25H24O16,1
C26H28O11S2,1
C30H28O8S2,1
C26H28O15,1
C27H32O10S2,1
C27H32O14,1
C27H32O14,1
C29H41O6PS2,1
C28H36O13,1
C29H40O12,1
C32H41N2O4PS,1
C30H44O11,1
C33H45N2O3PS,1
C31H48O6S2,1
C27H35NO13,1
C28H39NO12,1
C31H40N3O4PS,1
C24H22O17,1
C25H26O16,1
C28H27N2O8PS,1
C40H23O3P,1
C26H30O15,1
C26H30O15,1
C31H26N4O8,1
C28H39O7PS2,1
C27H34O14,1
C27H34O14,1
C31H34O11,1
C28H38O11S,1
C28H39O11P,1
C29H43O6PS2,1
C34H35N2O5P,1
C28H38O13,1
C31H39N2O5PS,1
C39H34O5,1
C31H39N2O7P,1
C29H43O10P,1
C19H42N4O16,1
C30H47O5PS2,1
C29H42O12,1
C29H42O12,1
C30H46O11,1
C30H34NO5PS2,1
C26H33NO14,1
C24H24O17,1
C25H28O12S2,1
C28H24O14,1
C26H33O9PS2,1
C25H28O16,1
C26H32O11S2,1
C29H28O13,1
C27H37O8PS2,1
C26H32O15,1
C27H36O10S2,1
C27H36O14,1
C27H36O14,1
C31H36O11,1
C32H40O6S2,1
C32H40O6S2,1
C28H41O11P,1
C29H45O6PS2,1
C28H40O13,1
C31H41N2O5PS,1
C33H44O5S2,1
C29H45O10P,1
C19H44N4O16,1
C29H44O12,1
C30H49O9P,1
C26H35NO14,1
C19H27N2O15PS,1
C23H26N2O14S,1
C24H26O17,1
C25H30O12S2,1
C17H34N2O16S2,1
C27H27N2O11P,1
C26H35O9PS2,1
C25H30O16,1
C26H34O11S2,1
C29H30O13,1
C30H34O8S2,1
C26H35O13P,1
C27H39O8PS2,1
C26H34O15,1
C27H38O10S2,1
C37H30O7,1
C30H34O12,1
C31H38O7S2,1
C28H43O7PS2,1
C27H38O14,1
C31H38O11,1
C32H42O6S2,1
C18H42N4O17,1
C28H42O13,1
C39H38O5,1
C29H47O10P,1
C30H51O5PS2,1
C21H33NO14S2,1
C29H38N3O6PS,1
C27H24O15,1
C16H32N2O17S2,1
C21H32O17S,1
C28H28O14,1
C31H29N2O6PS,1
C21H32O19,1
C21H32O19,1
C24H33N2O11PS,1
C38H24N2O5,1
C25H32O16,1
C21H36N2O15S,1
C29H32O13,1
C32H33N2O5PS,1
C26H36O15,1
C27H40O10S2,1
C38H36O2S2,1
C30H36O12,1
C31H40O7S2,1
C17H40N4O18,1
C28H45O7PS2,1
C27H40O14,1
C31H40O11,1
C32H44O6S2,1
C29H49O6PS2,1
C32H44O10,1
C29H49O10P,1
C30H53O5PS2,1
C25H35NO15,1
C21H40N3O14P,1
C34H72NO4P,1
C29H23N2O8PS,1
C24H31O11PS2,1
C27H26O15,1
C30H27N2O7PS,1
C28H30O10S2,1
C33H22N2O9,1
C21H34O15S2,1
C27H31N2O9PS,1
C28H30O14,1
C28H30O14,1
C25H35O14P,1
C23H35N4O12P,1
C29H34O13,1
C26H39O13P,1
C27H43O8PS2,1
C30H38O12,1
C30H38O12,1
C27H43O12P,1
C31H42O11,1
C21H26N3O15P,1
C27H29NO10S2,1
C19H29NO20,1
C19H29NO20,1
C19H33N3O16S,1
C28H33NO13,1
C29H37NO12,1
C26H16N4O11S,1
C38H12N2O6,1
C21H25N2O16P,1
C29H25N2O8PS,1
C27H28O11S2,1
C27H28O13S,1
C27H28O15,1
C28H32O10S2,1
C28H32O14,1
C31H33N2O6PS,1
C29H36O13,1
C27H45O8PS2,1
C30H40O12,1
C33H41N2O4PS,1
C31H44O11,1
C34H45N2O3PS,1
C29H39NO8S2,1
C31H35N3O7S,1
C25H14N4O12S,1
C25H22O17,1
C26H26O16,1
C27H30O11S2,1
C27H30O11S2,1
C19H34N2O17S,1
C27H30O15,1
C28H34O10S2,1
C33H30N4O5S,1
C28H34O14,1
C31H35N2O6PS,1
C19H38N4O17,1
C30H43O6PS2,1
C29H38O13,1
C32H39N2O5PS,1
C30H42O12,1
C33H43N2O4PS,1
C41H39O2P,1
C31H46O11,1
C18H18N3O18P,1
C28H37NO13,1
C24H12N4O13S,1
C25H24O17,1
C32H25N2O6PS,1
C26H28O16,1
C27H32O11S2,1
C27H32O11S2,1
C41H25O3P,1
C27H33O13P,1
C40H24N2O4,1
C27H32O15,1
C28H37O12P,1
C29H41O7PS2,1
C28H36O14,1
C29H41O11P,1
C30H45O6PS2,1
C29H40O13,1
C32H41N2O5PS,1
C32H41N2O7P,1
C30H45O10P,1
C30H44O12,1
C30H44O12,1
C26H31NO11S2,1
C26H31NO15,1
C40H27N3O3,1
C31H40N3O5PS,1
C17H18N4O20,1
C25H26O17,1
C28H27N2O9PS,1
C26H30O16,1
C29H31N2O8PS,1
C27H34O11S2,1
C28H39O8PS2,1
C27H34O15,1
C30H35N2O7PS,1
C31H34O12,1
C29H43O7PS2,1
C28H38O14,1
C31H39N2O6PS,1
C32H38O11,1
C19H42N4O17,1
C30H47O6PS2,1
C29H42O13,1
C32H43N2O5PS,1
C30H47O10P,1
C30H46O12,1
C34H63O6P,1
C27H37NO14,1
C28H41NO9S2,1
C28H29N2O9PS,1
C31H24N2O11,1
C29H28O14,1
C30H32O9S2,1
C27H37O9PS2,1
C27H37O9PS2,1
C26H32O16,1
C27H36O11S2,1
C37H28O8,1
C30H32O13,1
C33H33N2O5PS,1
C28H41O8PS2,1
C27H36O15,1
C30H37N2O7PS,1
C31H36O12,1
C32H40O7S2,1
C29H45O7PS2,1
C28H40O14,1
C31H41N2O6PS,1
C29H45O11P,1
C30H49O6PS2,1
C28H28NO12P,1
C29H36N3O7PS,1
C27H39NO14,1
C28H26O15,1
C17H34N2O17S2,1
C25H30O17,1
C26H34O12S2,1
C23H39O12PS2,1
C29H30O14,1
C32H31N2O6PS,1
C26H35O14P,1
C27H39O9PS2,1
C26H34O16,1
C29H35N2O8PS,1
C27H38O11S2,1
C22H38N2O15S,1
C30H34O13,1
C30H34O13,1
C27H39O13P,1
C28H43O8PS2,1
C27H38O15,1
C39H38O2S2,1
C31H38O12,1
C31H38O12,1
C28H43O12P,1
C24H46N2O13S,1
C32H42O11,1
C29H47O11P,1
C30H51O6PS2,1
C40H16N2O5,1
C30H25N2O8PS,1
C16H32N2O18S2,1
C27H29N2O10PS,1
C28H28O15,1
C29H32O10S2,1
C21H32O20,1
C22H36O15S2,1
C29H32O14,1
C30H36O9S2,1
C27H41O9PS2,1
C30H36O13,1
C31H40O8S2,1
C31H40O12,1
C32H44O7S2,1
C32H44O11,1
C22H28N3O13PS,1
C20H31O19P,1
C27H26O16,1
C28H30O11S2,1
C38H23O6P,1
C31H31N2O7PS,1
C29H34O10S2,1
C32H35N2O6PS,1
C30H38O9S2,1
C27H43O9PS2,1
C30H38O13,1
C31H42O8S2,1
C31H42O12,1
C32H46O11,1
C34H54O7S,1
C27H29NO15,1
C28H33NO14,1
C34H12N2O10,1
C26H24O17,1
C27H28O12S2,1
C37H21O7P,1
C27H28O16,1
C30H29N2O8PS,1
C28H32O15,1
C29H36O10S2,1
C29H36O10S2,1
C30H41O7PS2,1
C29H36O14,1
C29H36O14,1
C30H40O13,1
C33H41N2O5PS,1
C31H44O12,1
C31H44O12,1
C25H14N4O13S,1
C26H26O17,1
C27H30O12S2,1
C27H30O16,1
C30H31N2O8PS,1
C31H30O13,1
C28H35O13P,1
C28H34O15,1
C28H34O15,1
C21H43N2O14PS,1
C30H43O7PS2,1
C29H38O14,1
C29H38O14,1
C33H38O11,1
C30H42O13,1
C33H43N2O5PS,1
C41H39O3P,1
C34H47N2O4PS,1
C31H34NO6PS2,1
C28H37NO14,1
C29H41NO9S2,1
C42H33N3O2,1
C41H25O2PS,1
C26H28O17,1
C27H32O12S2,1
C30H28O14,1
C40H24N2O5,1
C27H32O16,1
C30H33N2O8PS,1
C28H37O13P,1
C21H41O18P,1
C28H36O15,1
C28H36O15,1
C42H33N2OP,1
C30H45O7PS2,1
C29H40O14,1
C29H40O14,1
C30H45O11P,1
C30H44O13,1
C33H45N2O5PS,1
C31H48O8S2,1
C41H31N3O3,1
C27H35O10PS2,1
C26H30O17,1
C24H39O12PS2,1
C30H30O14,1
C27H35O14P,1
C28H39O9PS2,1
C42H31OPS,1
C27H34O16,1
C31H34O13,1
C20H42N2O17S,1
C28H38O15,1
C28H38O15,1
C29H42O10S2,1
C33H42O7S2,1
C29H43O12P,1
C19H42N4O18,1
C29H42O14,1
C29H42O14,1
C31H25N2O8PS,1
C30H32O14,1
C33H33N2O6PS,1
C27H37O14P,1
C28H41O9PS2,1
C27H36O16,1
C27H36O16,1
C31H36O13,1
C31H36O13,1
C32H40O8S2,1
C39H36O5S,1
C29H44O10S2,1
C32H40O12,1
C29H45O12P,1
C30H49O7PS2,1
C32H44N2O10,1
C30H49O11P,1
C22H18O21,1
C27H27N2O13P,1
C29H30O15,1
C29H30O15,1
C30H34O10S2,1
C35H26N2O9,1
C22H34O20,1
C30H34O14,1
C33H35N2O6PS,1
C31H38O9S2,1
C27H39O14P,1
C28H43O9PS2,1
C31H38O13,1
C31H38O13,1
C31H42N2O7S2,1
C29H47O8PS2,1
C32H42O12,1
C33H46O7S2,1
C29H47O12P,1
C40H30NO4P,1
C34H8N2O11,1
C28H28O16,1
C31H29N2O8PS,1
C29H32O15,1
C32H33N2O7PS,1
C30H36O14,1
C33H37N2O6PS,1
C41H33O4P,1
C31H40O13,1
C35H45N2O4PS,1
C28H30O12S2,1
C28H30O16,1
C29H34O11S2,1
C29H34O15,1
C30H38O10S2,1
C30H30N4O11,1
C30H38O14,1
C31H42O9S2,1
C31H42O13,1
C34H43N2O5PS,1
C35H47N2O4PS,1
C30H29N2O9PS,1
C17H37O20PS,1
C31H33N2O8PS,1
C29H36O11S2,1
C43H29O3P,1
C42H28N2O4,1
C29H36O15,1
C30H40O10S2,1
C30H40O14,1
C31H44O9S2,1
C31H44O13,1
C32H48O8S2,1
C27H30O17,1
C30H31N2O9PS,1
C28H34O16,1
C29H38O11S2,1
C29H39O13P,1
C30H43O8PS2,1
C29H38O15,1
C30H42O10S2,1
C33H43N2O6PS,1
C41H39O4P,1
C31H46O13,1
C33H59N2O5PS,1
C27H32O17,1
C30H33N2O9PS,1
C25H41O12PS2,1
C23H36N2O16S,1
C34H33N2O6PS,1
C20H40N2O18S,1
C42H33N2O2P,1
C29H41O13P,1
C30H45O8PS2,1
C29H40O15,1
C30H45O12P,1
C31H49O7PS2,1
C25H26O19,1
C25H26O19,1
C30H30O11S2,1
C30H30O15,1
C31H34O10S2,1
C29H43O9PS2,1
C31H39N2O8PS,1
C32H38O13,1
C33H42O8S2,1
C40H38O5S,1
C29H43O13P,1
C30H47O8PS2,1
C34H38N4O6S,1
C29H42O15,1
C29H42O15,1
C33H42O12,1
C20H46N4O18,1
C31H51O7PS2,1
C40H74N2O3,1
C30H33NO14,1
C39H77N5O,1
C22H33O15PS2,1
C27H25N2O14P,1
C30H32O15,1
C31H36O10S2,1
C31H36O14,1
C32H40O9S2,1
C32H40O13,1
C29H45O13P,1
C30H49O8PS2,1
C28H44N2O12S,1
C33H44O12,1
C20H27NO22,1
C29H31NO15,1
C32H32N3O7PS,1
C35H10N2O11,1
C28H26O15S,1
C28H26O17,1
C29H30O16,1
C30H34O11S2,1
C22H38N2O17S,1
C30H34O15,1
C33H35N2O7PS,1
C31H38O14,1
C31H38O14,1
C32H42O13,1
C32H42O13,1
C29H47O13P,1
C36H47N2O4PS,1
C22H26N3O15PS,1
C34H8N2O12,1
C28H28O17,1
C39H25O7P,1
C29H32O16,1
C30H36O11S2,1
C30H36O15,1
C31H40O10S2,1
C31H40O14,1
C32H44O9S2,1
C35H45N2O5PS,1
C33H48O8S2,1
C32H36N3O7PS,1
C21H34O20S,1
C28H30O17,1
C29H34O12S2,1
C29H34O16,1
C32H35N2O8PS,1
C30H38O11S2,1
C30H38O15,1
C30H38O15,1
C31H42O10S2,1
C24H47O17P,1
C31H42O14,1
C31H42O14,1
C21H25N3O20,1
C30H41NO10S2,1
C28H32O17,1
C29H36O12S2,1
C29H36O16,1
C30H40O11S2,1
C29H40N2O12S,1
C30H40O15,1
C31H44O10S2,1
C45H37O2P,1
C31H44O14,1
C32H48O9S2,1
C30H31N2O10PS,1
C42H27O5P,1
C28H34O17,1
C31H35N2O9PS,1
C29H38O12S2,1
C29H38O16,1
C32H39N2O8PS,1
C33H38O13,1
C30H43O13P,1
C43H34N2O4,1
C30H42O15,1
C31H46O10S2,1
C34H42O12,1
C19H36N2O20S,1
C27H32O18,1
C45H28N2O3,1
C32H36O14,1
C32H40N2O8S2,1
C30H45O9PS2,1
C25H44N2O15S,1
C36H41N2O5PS,1
C34H44O12,1
C39H39N3O2S2,1
C38H63NO7,1
C25H26O20,1
C19H34O22S,1
C39H22N2O8,1
C24H39O14PS2,1
C41H27O6P,1
C27H35O16P,1
C31H34O15,1
C32H38O10S2,1
C29H43O10PS2,1
C45H30N2O3,1
C32H38O14,1
C33H42O9S2,1
C33H42O13,1
C34H46O8S2,1
C30H47O13P,1
C34H46O12,1
C32H24O11S2,1
C24H24O21,1
C25H28O20,1
C34H24N4O8S,1
C30H32O16,1
C31H36O15,1
C39H36O7S,1
C32H40O14,1
C35H41N2O6PS,1
C33H44O13,1
C36H45N2O5PS,1
C26H52N2O14S,1
C21H31NO22,1
C24H32N3O14PS,1
C22H34O20S,1
C29H30O17,1
C32H31N2O9PS,1
C30H34O16,1
C33H35N2O8PS,1
C31H38O15,1
C31H38O15,1
C45H34N2O3,1
C32H42O14,1
C32H42O14,1
C27H55O11PS2,1
C46H38N2O2,1
C20H29NO23,1
C32H34N3O8PS,1
C27H16N4O16,1
C23H41O15PS2,1
C29H32O17,1
C35H32N4O7S,1
C30H36O16,1
C33H37N2O8PS,1
C31H40O15,1
C32H44O10S2,1
C32H44O10S2,1
C45H36N2O3,1
C32H44O14,1
C26H22O18S,1
C31H31N2O10PS,1
C21H38N2O19S,1
C29H34O17,1
C30H38O16,1
C31H42O11S2,1
C37H39N2O5PS,1
C32H47O8PS2,1
C31H42O15,1
C32H46O10S2,1
C43H43O4P,1
C44H47OPS,1
C42H42N2O5,1
C21H25N2O20P,1
C29H36O17,1
C33H41N2O8PS,1
C34H40O13,1
C31H44O15,1
C33H52O9S2,1
C27H30O19,1
C29H38O17,1
C34H42O9S2,1
C32H24N2O14,1
C24H37O17PS,1
C27H32O19,1
C34H33N2O8PS,1
C32H36O15,1
C33H40O10S2,1
C43H33O5P,1
C33H40O14,1
C34H44O9S2,1
C44H37O4P,1
C45H41O3P,1
C35H48O12,1
C38H77O6P,1
C20H40NO21P,1
C24H22O22,1
C26H30O20,1
C24H30N4O18,1
C34H35N2O8PS,1
C32H38O15,1
C33H42O10S2,1
C33H42O14,1
C36H43N2O6PS,1
C48H70O,1
C22H33NO22,1
C24H24O22,1
C38H20N2O10,1
C25H28O21,1
C30H32O17,1
C34H37N2O8PS,1
C35H41N2O7PS,1
C43H37O5P,1
C33H44O14,1
C34H48O9S2,1
C24H32N3O15PS,1
C23H22O23,1
C32H31N2O10PS,1
C40H27O8P,1
C33H35N2O9PS,1
C34H39N2O8PS,1
C42H35O6P,1
C32H42O15,1
C33H46O10S2,1
C43H39O5P,1
C33H51N2O8PS,1
C22H26N3O17PS,1
C32H33N2O10PS,1
C32H44O11S2,1
C32H44O15,1
C33H48O10S2,1
C21H18O25,1
C23H34N4O17S,1
C30H38O17,1
C31H42O16,1
C36H51N2O4PS2,1
C44H47O2PS,1
C34H46N4O8S,1
C33H36O15,1
C33H36O15,1
C32H34O16,1
C43H31O6P,1
C33H38O15,1
C34H42O14,1
C34H42O14,1
C31H51N2O8PS2,1
C27H32O20,1
C27H32O20,1
C43H33O6P,1
C27H49O13PS2,1
C33H40O15,1
C33H40O15,1
C47H36N2O3,1
C34H44O14,1
C37H45N2O6PS,1
C25H26O22,1
C26H30O21,1
C30H30O18,1
C42H31O7P,1
C32H38O16,1
C43H35O6P,1
C33H42O15,1
C34H46O10S2,1
C44H39O5P,1
C39H42N4O5S,1
C47H38N2O3,1
C34H46O14,1
C35H50O9S2,1
C22H33NO23,1
C43H24N2O7,1
C25H45O15PS2,1
C31H36O17,1
C34H37N2O9PS,1
C32H40O16,1
C35H41N2O8PS,1
C33H44O15,1
C34H48O10S2,1
C44H41O5P,1
C38H19O11P,1
C30H34O18,1
C31H38O17,1
C34H39N2O9PS,1
C31H42N2O11S2,1
C32H42O16,1
C43H39O6P,1
C33H46O15,1
C22H20O25,1
C34H37O11PS,1
C34H41N2O9PS,1
C32H44O12S2,1
C36H44O9S2,1
C24H48N2O16S2,1
C33H48O11S2,1
C43H41O6P,1
C33H64O14,1
C33H64O14,1
C47H59NOS,1
C25H18O23,1
C28H30O20,1
C34H38O15,1
C36H46O13,1
C33H36O12S2,1
C46H28N2O5,1
C47H32N2O4,1
C34H40O15,1
C35H44O14,1
C46H41O4P,1
C30H26O19,1
C27H30O19S,1
C33H38O16,1
C34H42O15,1
C35H46O10S2,1
C38H47N2O6PS,1
C46H43O4P,1
C27H21N2O18P,1
C22H29O23P,1
C23H33O18PS2,1
C20H37O20PS2,1
C26H28O22,1
C34H33N2O10PS,1
C46H32N2O5,1
C33H40O16,1
C47H36N2O4,1
C34H44O15,1
C48H40N2O3,1
C38H61O9P,1
C23H24N3O18PS,1
C24H22O22S,1
C34H35N2O10PS,1
C42H31O8P,1
C32H38O17,1
C43H35O7P,1
C33H42O16,1
C34H46O11S2,1
C44H39O6P,1
C45H43O5P,1
C36H58N2O11,1
C47H82O3,1
C25H28O23,1
C32H40O17,1
C33H44O16,1
C44H41O6P,1
C44H41O6P,1
C24H26O20S2,1
C37H35N2O8PS,1
C32H42O17,1
C32H44O17,1
C32H46O13S2,1
C35H42O15,1
C30H47N4O13P,1
C39H49N2O6PS,1
C34H28NO14P,1
C24H27N5O20,1
C31H30O15S2,1
C19H34N2O22S2,1
C21H39O20PS2,1
C35H46O11S2,1
C22H29NO25,1
C27H21N2O19P,1
C28H25N2O18P,1
C45H28N2O7,1
C33H40O13S2,1
C34H44O12S2,1
C39H40N4O7S,1
C47H36N2O5,1
C24H28N3O18PS,1
C24H22O23S,1
C27H23N2O19P,1
C36H43N2O9PS,1
C29H15NO19S,1
C28H35N4O16P,1
C32H42O18,1
C37H46O12S,1
C48H43O2PS,1
C46H37O6P,1
C36H44O15,1
C47H41O5P,1
C37H50O10S2,1
C27H28O21S,1
C32H32O15S2,1
C20H36N2O22S2,1
C30H29N2O17P,1
C46H28N2O7,1
C36H37N2O10PS,1
C48H36N2O5,1
C35H44O16,1
C26H32N3O17PS,1
C34H28NO15P,1
C29H27N2O18P,1
C27H30O21S,1
C22H43O20PS2,1
C33H30N4O13S,1
C20H38N2O24S,1
C40H42N4O7S,1
C28H25N2O19P,1
C20H37O22PS2,1
C31H32O20,1
C42H29O10P,1
C35H48O16,1
C23H35NO25,1
C41H47N2O6PS,1
C26H21N2O21P,1
C21H33N2O24P,1
C22H18O26S,1
C38H52O10S2,1
C37H50O11S2,1
C31H33N3O18,1
C21H40N2O24S,1
C29H36O22,1
C35H44O17,1
C29H27N2O19P,1
C27H30O22S,1
C43H31O10P,1
C35H38N4O14,1
C28H25N2O20P,1
C20H37O23PS2,1
C31H32O17S2,1
C27H23N2O21P,1
C39H50O10S2,1
C36H70O15,1
C39H71N2O7PS,1
C23H20O26S,1
C37H44O16,1
C37H46O16,1
C38H50O11S2,1
C48H43O6P,1
C48H45O6P,1
C27H43O18PS2,1
C36H46O17,1
C47H43O7P,1
C41H83O9P,1
C42H79N4O5P,1
C40H75N4O7P,1
C26H17N2O21PS,1
C48H39O7P,1
C26H18NO22PS,1
C38H48O12S2,1
C39H54O11S2,1
C26H37O20PS2,1
C50H69O2PS,1
C29H25N2O19PS,1
C42H75O8PS,1
C40H52O13S,1
C50H47O6P,1
C22H31N4O25P,1
C22H39O26PS,1
C31H31N2O20P,1
C44H82N2O5S2,1
C52H78O3S,1
C27H34N3O20PS,1
C27H28O23S2,1
C30H29N2O21P,1
C28H32O26,1
C27H21N2O22PS,1
C50H47O7P,1
C51H106N4O,1
C30H40N3O20P,1
C51H106N2O3,1
C23H33N4O25P,1
C23H41O26PS,1
C28H30O23S2,1
C31H31N2O21P,1
C27H30O26S,1
C25H30N3O23PS,1
C44H68O11S,1
C39H50O18,1
C41H58O12S2,1
C42H79O12P,1
C32H40O24,1
C30H40N3O21P,1
C31H40O23S,1
C22H39O26PS2,1
C29H25N2O22PS,1
C57H82O4,1
C31H17N2O24P,1
C54H97O4P,1
C28H20N4O25S,1
C35H24O23S,1
C31H29N2O22PS,1
C53H84O8,1
C33H40O24S,1
C38H69O15PS2,1
C30H27N2O24PS,1
C29H46N2O24S2,1
C45H75O14P,1
C27H30N3O26PS,1
C31H29N2O24PS,1
C50H74O13,1
C28H38NO25PS2,1
C32H40O25S2,1
C46H75O11PS2,1
H2O,1
HCO3,1
NH4,1
HPO4,1
HS,1
H,1
e-,1
O2,1
CH1p8N0p2O0p5,1